lsoa_cd,lsoa_name,la_name,imd_score,imd_decile,elderly_pct,nocar_pct,nonwhite_pct,unemployment_pct,stop_count,stops_per_1k,ruc_class,cluster,archetype,desert_score,n_deprived
E01021495,Castle Point 009C,Castle Point,23.74,4,58.07881773399015,24.78777589134126,1.8217626784835073,1.6815554387808722,0,0.0,UN1,2,Elderly Rural,0.6681121143275512,5
E01017281,Southampton 032D,Southampton,75.537,1,7.347204161248374,50.14492753623189,10.1364522417154,8.045977011494253,1,0.6506180871828238,UN1,3,Deprived Car-Free Urban,0.6472058156470338,7
E01018078,Fenland 007B,Fenland,48.324,1,26.014865637507146,28.966346153846157,3.028571428571425,2.6038001407459537,0,0.0,UF1,3,Deprived Car-Free Urban,0.6455596390077674,8
E01011792,Wakefield 039D,Wakefield,72.504,1,15.977961432506888,39.74151857835218,7.260273972602738,4.351767905711696,3,2.054794520547945,RLN1,3,Deprived Car-Free Urban,0.6432707008869328,8
E01026467,Breckland 015C,Breckland,53.265,1,7.985643786451324,37.285902503293805,7.443946188340811,5.2798982188295165,0,0.0,UF1,3,Deprived Car-Free Urban,0.6196115311862617,7
E01019269,Copeland 001B,Cumberland,40.681,2,22.578534031413614,28.508124076809455,0.5890052356020914,4.1017227235438884,0,0.0,RLF1,3,Deprived Car-Free Urban,0.6177843351673209,6
E01025584,Wyre 001F,Wyre,80.657,1,20.934959349593495,57.44920993227991,6.968876860622464,9.767092411720512,15,10.135135135135135,UN1,3,Deprived Car-Free Urban,0.6135333725071012,6
E01026596,Great Yarmouth 005B,Great Yarmouth,40.177,2,18.037974683544302,31.004366812227076,6.135357368753958,4.520654715510522,0,0.0,UF1,3,Deprived Car-Free Urban,0.6084295178127741,7
E01006950,Sefton 004B,Sefton,49.953,1,27.480916030534353,46.96485623003195,6.297822248381402,4.296100462656973,10,5.892751915144372,UN1,3,Deprived Car-Free Urban,0.6071505378835651,7
E01019077,Isles of Scilly 001A,Isles of Scilly,12.65,7,28.223844282238442,41.76408076514346,2.481751824817513,0.8675534991324465,0,0.0,RSF1,2,Elderly Rural,0.6051016527267313,6
E01012040,Middlesbrough 003E,Middlesbrough,79.882,1,7.015032211882606,62.95652173913043,52.521613832853035,12.290502793296088,0,0.0,UN1,1,Deprived Young Diverse Car-Free Urban,0.6037983659611332,9
E01019355,South Lakeland 013D,Westmorland and Furness,5.94,9,55.43097407147862,10.150891632373114,1.4005602240896309,1.4992503748125936,0,0.0,RLF1,2,Elderly Rural,0.6031812839476081,4
E01026741,North Norfolk 004A,North Norfolk,19.343,5,45.07204610951009,11.395348837209303,1.7271157167530249,2.271293375394322,0,0.0,RSF1,2,Elderly Rural,0.6028204559917475,5
E01017108,Portsmouth 010C,Portsmouth,39.147,2,17.399497487437184,37.83031988873435,10.87366436203645,3.8669760247486464,2,1.257071024512885,UN1,3,Deprived Car-Free Urban,0.6010862961521077,6
E01026606,Great Yarmouth 001B,Great Yarmouth,27.932,3,37.91637136782423,11.463046757164404,2.406227883934886,1.4925373134328357,0,0.0,RSF1,2,Elderly Rural,0.5993749073845083,7
E01019113,Allerdale 009C,Cumberland,66.93,1,18.936678614097968,44.28044280442804,0.8955223880596996,4.535147392290249,0,0.0,UF1,3,Deprived Car-Free Urban,0.5972905091942236,7
E01026739,North Norfolk 002A,North Norfolk,24.933,4,39.947916666666664,10.10752688172043,2.3523261892315683,1.694915254237288,0,0.0,RSF1,2,Elderly Rural,0.5961698140602518,5
E01022045,Tendring 018D,Tendring,60.737,1,29.442815249266864,20.989143546441497,2.5821596244131495,3.537414965986395,8,4.694835680751174,RLN1,3,Deprived Car-Free Urban,0.5955387478431955,7
E01026478,Breckland 017E,Breckland,42.698,2,13.716012084592144,28.387096774193548,5.491852745926373,3.2407407407407405,0,0.0,UF1,3,Deprived Car-Free Urban,0.5947276011489011,6
E01001483,Enfield 025A,Enfield,60.116,1,9.612141652613827,51.698113207547166,60.60606060606061,6.229143492769744,1,0.8424599831508003,UN1,1,Deprived Young Diverse Car-Free Urban,0.5907495396732434,9
E01007764,Rotherham 020F,Rotherham,66.799,1,12.843029637760702,36.541143654114364,2.791461412151064,4.69341408024224,9,4.926108374384237,UN1,3,Deprived Car-Free Urban,0.5891312078712314,7
E01028998,Shropshire 032C,Shropshire,10.976,8,42.27859368046284,16.862037871956716,2.444444444444449,1.9753086419753085,0,0.0,RLN1,0,Affluent Urban,0.5887331468389327,3
E01019957,East Devon 012B,East Devon,6.068,9,65.54092730394963,20.930232558139537,2.1739130434782594,0.607164541590771,6,3.4344590726960504,UF1,2,Elderly Rural,0.5849128638341021,2
E01014354,Stoke-on-Trent 005A,Stoke-on-Trent,62.051,1,15.830546265328874,44.56654456654457,32.92547274749722,5.096011816838995,0,0.0,UN1,3,Deprived Car-Free Urban,0.5845989990949769,8
E01019138,Barrow-in-Furness 010A,Westmorland and Furness,35.495,2,24.675324675324674,37.79264214046823,1.3864818024263426,3.1827515400410675,0,0.0,UF1,3,Deprived Car-Free Urban,0.584423280792452,6
E01026496,Breckland 008E,Breckland,18.72,5,40.82363473589973,9.14396887159533,1.9607843137254943,0.9027081243731194,0,0.0,RSF1,2,Elderly Rural,0.5834770797474775,4
E01019156,Barrow-in-Furness 004A,Westmorland and Furness,62.772,1,21.685878962536023,60.311284046692606,5.115273775216133,5.137289636846766,0,0.0,UF1,3,Deprived Car-Free Urban,0.583083051735463,7
E01026656,King's Lynn and West Norfolk 002C,King's Lynn and West Norfolk,26.499,4,35.20578420467186,8.588957055214724,1.27848804891606,3.0828516377649327,0,0.0,RSF1,2,Elderly Rural,0.5816131828261178,5
E01034161,Plymouth 034D,Plymouth,28.929,3,24.424342105263158,37.16577540106952,8.985985160758448,4.101221640488656,3,2.471169686985173,UN1,3,Deprived Car-Free Urban,0.5814809467249838,6
E01008978,Birmingham 121B,Birmingham,77.901,1,14.40738112136267,64.76190476190476,41.637010676156585,9.803921568627452,0,0.0,UN1,3,Deprived Car-Free Urban,0.5813316331605567,8
E01023044,New Forest 023A,New Forest,2.426,10,52.18978102189781,7.977736549165121,3.0909090909090886,2.034587995930824,0,0.0,UF1,0,Affluent Urban,0.58094276218986,3
E01019298,Copeland 008F,Cumberland,22.828,4,28.199863107460644,21.323529411764707,1.0266940451745366,2.680747359870024,0,0.0,RLF1,0,Affluent Urban,0.5809121575992406,3
E01029003,Shropshire 037B,Shropshire,21.929,4,39.63553530751708,5.739299610894942,1.4538845979100379,0.556398583712696,0,0.0,RSF1,2,Elderly Rural,0.5790492440595522,5
E01024988,Fylde 006E,Fylde,25.601,4,41.878172588832484,36.68981481481482,3.8754764930114316,2.146814404432133,9,5.714285714285714,UN1,0,Affluent Urban,0.5789751070931809,4
E01000853,Camden 029H,Camden,42.566,2,20.22792022792023,83.88888888888889,49.11535739561217,7.686084142394822,0,0.0,UN1,1,Deprived Young Diverse Car-Free Urban,0.5789453283088919,9
E01026456,Breckland 007B,Breckland,16.105,6,39.36348408710218,11.588785046728972,2.931323283082077,2.654028436018957,0,0.0,RLF1,0,Affluent Urban,0.5789289429840343,3
E01012679,Blackpool 008B,Blackpool,86.142,1,11.893033075299085,61.0062893081761,8.57946554149086,9.245283018867925,2,1.4054813773717498,UN1,3,Deprived Car-Free Urban,0.5785715942957411,7
E01030160,East Suffolk 029A,East Suffolk,28.225,3,28.187059577194105,27.667493796526056,3.399615137908918,3.003003003003003,3,1.925545571245186,UN1,0,Affluent Urban,0.5782385961826149,5
E01019271,Copeland 006A,Cumberland,32.9,3,20.07751937984496,21.36602451838879,0.8573655494933718,1.3333333333333335,0,0.0,RLF1,0,Affluent Urban,0.5776104288623822,4
E01018093,Fenland 003E,Fenland,29.106,3,21.642394822006473,22.613531047265987,4.810024252223122,2.714493456131847,0,0.0,UF1,0,Affluent Urban,0.5771163641958978,5
E01026593,Great Yarmouth 003E,Great Yarmouth,13.525,7,38.589840788476124,14.239482200647249,2.788244159758857,2.385008517887564,0,0.0,RLF1,0,Affluent Urban,0.5770133654924766,3
E01019127,Allerdale 001B,Cumberland,18.849,5,41.43968871595331,9.623430962343097,0.5188067444876765,1.5781922525107603,0,0.0,RSF1,2,Elderly Rural,0.5764856602916114,5
E01020485,Dorset 033C,Dorset,23.926,4,37.0242214532872,24.295302013422816,2.0000000000000018,1.921598770176787,4,2.7624309392265194,RLN1,0,Affluent Urban,0.5762406098061896,3
E01026688,King's Lynn and West Norfolk 007B,King's Lynn and West Norfolk,42.36,2,9.734513274336283,25.671140939597315,6.894519740718918,4.908485856905158,0,0.0,UF1,3,Deprived Car-Free Urban,0.5757656419222118,5
E01028858,Shropshire 035E,Shropshire,22.274,4,38.55813953488372,5.319148936170213,0.9776536312849138,1.9311064718162838,0,0.0,RSF1,2,Elderly Rural,0.5755508846306767,5
E01026786,North Norfolk 013D,North Norfolk,24.682,4,34.95049504950495,7.916666666666666,1.7343904856293335,2.073104200763775,0,0.0,RSF1,2,Elderly Rural,0.5754647226237458,5
E01019375,South Lakeland 001B,Westmorland and Furness,11.113,8,35.557132718239885,19.79010494752624,3.1892274982282087,2.208682406702209,0,0.0,RSF1,2,Elderly Rural,0.5750454337753282,5
E01024580,Swale 006A,Swale,61.03,1,32.60437375745527,18.3991683991684,2.4353876739562574,3.236994219653179,13,6.461232604373757,RLF1,3,Deprived Car-Free Urban,0.5740503626828058,6
E01026704,King's Lynn and West Norfolk 011D,King's Lynn and West Norfolk,48.247,1,10.897435897435898,30.747922437673132,4.436130411544625,4.810495626822157,0,0.0,UF1,3,Deprived Car-Free Urban,0.573131431185917,6
E01006957,Sefton 032C,Sefton,42.185,2,22.109275730622617,40.758293838862556,7.8045685279187875,4.830569574621485,3,1.9083969465648853,UN1,3,Deprived Car-Free Urban,0.572807033723243,6
E01021942,Rochford 001A,Rochford,23.033,4,47.19033232628399,15.342763873775844,1.6928657799274438,2.408854166666667,6,3.6319612590799033,RLN1,2,Elderly Rural,0.5725727008528653,4
E01026740,North Norfolk 012A,North Norfolk,25.228,4,34.44773592890393,6.785714285714286,1.2695725772323363,3.1533683707596754,0,0.0,RSF1,2,Elderly Rural,0.5725580507094952,5
E01019187,Barrow-in-Furness 010E,Westmorland and Furness,26.524,4,21.29485179407176,23.498233215547703,1.0140405616224646,2.606177606177606,0,0.0,UF1,0,Affluent Urban,0.5725448983432446,4
E01007005,Sefton 034B,Sefton,67.82,1,15.271966527196653,55.21292217327459,10.82402234636871,3.260869565217391,6,4.181184668989547,UN1,3,Deprived Car-Free Urban,0.5720867643058968,5
E01026659,King's Lynn and West Norfolk 016A,King's Lynn and West Norfolk,35.333,2,23.854289071680377,11.416781292984869,2.236609770453213,2.0953757225433525,0,0.0,RSF1,2,Elderly Rural,0.5720493442824722,7
E01031015,North Warwickshire 003G,North Warwickshire,59.861,1,20.632911392405063,30.185979971387695,2.0227560050568916,4.73186119873817,9,5.689001264222504,UN1,3,Deprived Car-Free Urban,0.5719438348165158,6
E01026685,King's Lynn and West Norfolk 013B,King's Lynn and West Norfolk,24.497,4,29.549114331723025,13.799283154121863,2.976669348350769,3.075489282385834,0,0.0,UF1,0,Affluent Urban,0.5717391688623004,4
E01012670,Blackpool 011A,Blackpool,88.186,1,9.99329309188464,58.83306320907617,9.610215053763438,7.337723424270931,1,0.670690811535882,UN1,3,Deprived Car-Free Urban,0.571557823050934,7
E01026769,North Norfolk 014B,North Norfolk,15.487,6,40.48543689320388,7.3366834170854265,1.5996122152205472,1.7204301075268817,0,0.0,RSN1,2,Elderly Rural,0.5715236298041877,5
E01018086,Fenland 009B,Fenland,32.343,3,22.185273159144895,16.260162601626014,3.67366412213741,2.6490066225165565,0,0.0,UF1,0,Affluent Urban,0.5714351779331182,6
E01026655,King's Lynn and West Norfolk 004C,King's Lynn and West Norfolk,15.827,6,37.67605633802817,10.518518518518519,0.9873060648801113,1.948051948051948,0,0.0,RLF1,2,Elderly Rural,0.5707868973022773,4
E01026441,Breckland 014C,Breckland,22.799,4,32.38036047234307,11.045655375552283,1.741293532338306,1.257396449704142,0,0.0,RSF1,2,Elderly Rural,0.5706137043517966,5
E01025588,Wyre 004F,Wyre,26.566,4,46.19402985074627,22.92817679558011,2.464525765496639,2.025931928687196,7,5.227781926811053,RLN1,2,Elderly Rural,0.5705582387267518,4
E01026784,North Norfolk 014D,North Norfolk,27.956,3,26.232558139534884,14.37371663244353,2.5116279069767433,2.765486725663717,0,0.0,RSF1,2,Elderly Rural,0.5702481865749783,7
E01034076,Copeland 004J,Cumberland,29.575,3,23.201970443349754,16.954643628509718,1.0842779694430704,3.292181069958848,0,0.0,RLF1,2,Elderly Rural,0.5702100814409496,6
E01006544,Liverpool 015C,Liverpool,71.162,1,13.61963190184049,50.627615062761514,9.023941068139962,4.8742138364779874,0,0.0,UN1,3,Deprived Car-Free Urban,0.5701747228140616,7
E01019306,Eden 006A,Westmorland and Furness,24.7,4,32.926829268292686,22.98507462686567,1.2205044751830707,2.181818181818182,0,0.0,RLF1,2,Elderly Rural,0.5696851116705632,5
E01026711,King's Lynn and West Norfolk 008B,King's Lynn and West Norfolk,34.814,2,21.488133418858244,13.990461049284578,1.0911424903722766,3.459119496855346,0,0.0,RSF1,2,Elderly Rural,0.5694786973454333,6
E01026110,East Lindsey 017B,East Lindsey,33.994,2,35.82089552238806,13.005780346820808,1.4218009478673022,2.536510376633359,4,2.710027100271003,RSF1,2,Elderly Rural,0.5694703636208646,6
E01019180,Barrow-in-Furness 009A,Westmorland and Furness,14.879,6,33.37278106508876,16.64626682986536,1.4209591474245165,1.6711229946524064,0,0.0,UF1,0,Affluent Urban,0.5693423598574656,3
E01029013,Shropshire 036C,Shropshire,21.186,5,31.32387706855792,13.307984790874524,5.854523950325252,2.460697197539303,0,0.0,RLF1,2,Elderly Rural,0.5690208402440449,5
E01020983,Hastings 011B,Hastings,63.055,1,23.040857334226388,61.74863387978142,17.61553918285331,5.482625482625482,1,0.6697923643670461,UN1,3,Deprived Car-Free Urban,0.5688983766658968,8
E01026721,King's Lynn and West Norfolk 013E,King's Lynn and West Norfolk,35.684,2,25.0,8.103448275862068,2.9689608636977005,2.8618152085036797,0,0.0,RSF1,2,Elderly Rural,0.5688785685423247,7
E01026445,Breckland 002C,Breckland,25.032,4,30.818109610802225,10.097431355181577,2.4215958713775354,2.281191806331471,0,0.0,RLF1,2,Elderly Rural,0.5684665319892013,4
E01029005,Shropshire 037C,Shropshire,23.594,4,34.15841584158416,6.877323420074349,1.8211920529801362,1.8234165067178503,0,0.0,RSF1,2,Elderly Rural,0.568404813753949,5
E01026733,North Norfolk 006C,North Norfolk,25.695,4,31.153039832285117,8.980355472404115,2.055369127516782,2.066929133858268,0,0.0,RSF1,2,Elderly Rural,0.5683988136563602,5
E01019102,Allerdale 003C,Cumberland,32.498,3,26.076107298814723,9.405255878284924,1.494396014943955,1.9722425127830532,0,0.0,RSF1,2,Elderly Rural,0.5683057146581404,6
E01026703,King's Lynn and West Norfolk 003F,King's Lynn and West Norfolk,24.814,4,33.87829246139873,6.024096385542169,1.6245487364620947,1.9467213114754098,0,0.0,RSF1,2,Elderly Rural,0.5682331589718271,5
E01026636,Great Yarmouth 002C,Great Yarmouth,23.582,4,34.12749517063748,6.725146198830409,1.6741790083708907,2.3564064801178204,0,0.0,RSF1,2,Elderly Rural,0.5679441724005188,5
E01028866,Shropshire 004C,Shropshire,21.294,5,28.31541218637993,16.74074074074074,3.2188841201716722,2.369281045751634,0,0.0,RSF1,2,Elderly Rural,0.5677443117299378,5
E01019257,Copeland 007A,Cumberland,25.058,4,27.339719970523213,14.285714285714285,1.988217967599415,2.5239338555265447,0,0.0,RLF1,2,Elderly Rural,0.5672713638726593,5
E01007737,Rotherham 013C,Rotherham,71.703,1,8.487084870848708,38.83495145631068,10.332103321033214,8.256107834877843,4,2.458512599877074,UN1,3,Deprived Car-Free Urban,0.5671347131355222,5
E01025250,Preston 016D,Preston,49.63,1,8.402366863905325,38.32236842105263,53.175074183976264,5.877616747181964,1,0.5927682276229994,UN1,1,Deprived Young Diverse Car-Free Urban,0.5670278364451717,8
E01026788,North Norfolk 008C,North Norfolk,22.25,4,34.35731608730801,6.830122591943957,2.9079159935379684,1.8726591760299627,0,0.0,RSF1,2,Elderly Rural,0.5660489710781571,5
E01024986,Fylde 006C,Fylde,33.644,2,37.55431409062694,40.5189620758483,4.536979490366688,4.202801867911941,12,7.453416149068323,UN1,3,Deprived Car-Free Urban,0.5658690196579503,6
E01019293,Copeland 008E,Cumberland,22.481,4,33.07148468185389,8.24372759856631,0.470219435736674,0.6369426751592357,0,0.0,RSF1,2,Elderly Rural,0.565776489371794,5
E01019266,Copeland 004E,Cumberland,30.293,3,18.494152046783626,20.71097372488408,0.8035062089116196,3.4513274336283186,0,0.0,RSF1,0,Affluent Urban,0.5657635215950167,6
E01026752,North Norfolk 007D,North Norfolk,26.063,4,31.187790311877905,7.369942196531793,1.9256308100929598,4.003079291762894,0,0.0,RSF1,2,Elderly Rural,0.5656824012121057,5
E01026622,Great Yarmouth 006A,Great Yarmouth,70.936,1,11.850946854001222,41.83835182250396,5.616605616605619,6.796941376380629,0,0.0,UF1,3,Deprived Car-Free Urban,0.5655479124458395,6
E01017037,Portsmouth 013B,Portsmouth,73.991,1,11.563810665068903,56.09756097560976,25.225225225225223,5.3164556962025316,0,0.0,UN1,3,Deprived Car-Free Urban,0.565406151526998,8
E01026695,King's Lynn and West Norfolk 002D,King's Lynn and West Norfolk,25.036,4,32.410881801125704,6.550665301944729,2.5304592314901564,1.4176663031624863,0,0.0,RSF1,2,Elderly Rural,0.5654011047061507,5
E01007121,Wirral 011B,Wirral,71.942,1,11.899932386747803,48.96755162241888,3.4482758620689613,6.460176991150443,6,4.056795131845842,UN1,3,Deprived Car-Free Urban,0.5653491127054492,5
E01027540,Northumberland 013B,Northumberland,55.531,1,18.04151144225652,39.0832328106152,5.114544485881723,4.707464694014795,12,6.382978723404255,UN1,3,Deprived Car-Free Urban,0.5653225432306506,5
E01026729,North Norfolk 008A,North Norfolk,27.4,3,30.730593607305934,6.532663316582915,1.5510948905109512,1.453790238836968,0,0.0,RSF1,2,Elderly Rural,0.5652542787884385,6
E01006614,Liverpool 012B,Liverpool,68.358,1,16.140667267808837,54.56171735241503,7.394048692515776,6.167400881057269,0,0.0,UN1,3,Deprived Car-Free Urban,0.5652330134093422,7
E01019272,Copeland 006B,Cumberland,35.962,2,19.217081850533805,24.61799660441426,1.493598862019918,3.9377289377289375,0,0.0,RLF1,3,Deprived Car-Free Urban,0.5650955053682004,5
E01026716,King's Lynn and West Norfolk 016E,King's Lynn and West Norfolk,33.782,2,24.70886075949367,8.303249097472925,1.4170040485829927,2.727272727272727,0,0.0,RSF1,2,Elderly Rural,0.5643921108082246,6
E01028999,Shropshire 039C,Shropshire,21.934,4,33.20261437908496,7.934131736526946,0.9842519685039353,1.5957446808510638,0,0.0,RSF1,2,Elderly Rural,0.564320912153393,5
E01008427,Newcastle upon Tyne 030C,Newcastle upon Tyne,68.5,1,12.303075768942236,60.0,15.119760479041922,8.349328214971209,1,0.7473841554559043,UN1,3,Deprived Car-Free Urban,0.5642441204408015,6
E01019115,Allerdale 004E,Cumberland,41.926,2,27.652733118971064,34.89847715736041,2.1235521235521193,3.7472446730345332,0,0.0,RLF1,3,Deprived Car-Free Urban,0.564066780719066,7
E01018738,Cheshire West and Chester 040B,Cheshire West and Chester,61.83,1,11.521739130434783,35.63049853372434,2.9826464208242975,3.349673202614379,5,2.7144408251900107,UF1,3,Deprived Car-Free Urban,0.5640352321009733,5
E01008777,Sunderland 026C,Sunderland,59.431,1,38.92857142857143,54.322305229455715,0.42918454935622075,3.522205206738132,5,3.57653791130186,UN1,3,Deprived Car-Free Urban,0.5638599912881004,5
E01008899,Birmingham 037A,Birmingham,65.002,1,10.17733230531997,49.78165938864629,81.0185185185185,9.119170984455959,0,0.0,UN1,1,Deprived Young Diverse Car-Free Urban,0.5636740316747876,9
E01026674,King's Lynn and West Norfolk 012B,King's Lynn and West Norfolk,18.705,5,34.161490683229815,9.375,1.3345195729537407,1.3026052104208417,0,0.0,RSF1,2,Elderly Rural,0.5636097904508965,4
E01019279,Copeland 007C,Cumberland,15.525,6,36.28850488354621,9.350237717908081,2.033132530120485,1.6536118363794605,0,0.0,RSF1,2,Elderly Rural,0.5632905145498736,5
E01026642,King's Lynn and West Norfolk 014A,King's Lynn and West Norfolk,23.667,4,31.690140845070424,7.804878048780488,2.1111893033075257,0.9876543209876543,0,0.0,RSF1,2,Elderly Rural,0.5630959799463859,5
E01026442,Breckland 002A,Breckland,23.592,4,31.962616822429908,7.461139896373056,1.3999066728884735,2.009777294948398,0,0.0,RSF1,2,Elderly Rural,0.5629994150418256,5
E01019259,Copeland 008A,Cumberland,25.758,4,27.741935483870968,11.149825783972126,3.074433656957931,1.1505273250239694,0,0.0,RSF1,2,Elderly Rural,0.5629685621935033,5
E01019283,Copeland 008B,Cumberland,17.936,5,29.928894634776988,15.55944055944056,2.709677419354839,1.239067055393586,0,0.0,RSF1,2,Elderly Rural,0.5628887026024534,5
E01019141,Barrow-in-Furness 008A,Westmorland and Furness,57.678,1,16.764953664700926,66.66666666666666,7.329401853411966,4.747774480712167,0,0.0,UF1,3,Deprived Car-Free Urban,0.5627479736816482,7
E01018264,South Cambridgeshire 016E,South Cambridgeshire,15.683,6,26.72090112640801,21.8705035971223,4.049844236760125,1.283987915407855,0,0.0,RLN1,0,Affluent Urban,0.5624256911640398,3
E01026892,South Norfolk 012A,South Norfolk,24.303,4,29.277864992150704,10.12216404886562,2.356637863315003,3.096539162112933,0,0.0,RSF1,2,Elderly Rural,0.5622664062895865,5
E01026625,Great Yarmouth 006D,Great Yarmouth,80.525,1,10.880262438490979,59.29203539823009,13.373362445414848,9.168609168609168,0,0.0,UF1,3,Deprived Car-Free Urban,0.5621599881016873,6
E01028994,Shropshire 037A,Shropshire,22.955,4,32.546786004882016,6.871609403254973,2.5182778229081992,1.8518518518518516,0,0.0,RSF1,2,Elderly Rural,0.5621098224092931,5
E01018068,Fenland 004C,Fenland,36.138,2,23.61553150859325,6.511627906976744,2.986022871664551,3.5552193645990924,0,0.0,RSF1,2,Elderly Rural,0.5620509875994859,6
E01028841,Shropshire 029D,Shropshire,23.943,4,25.166444740346204,15.820029027576195,1.866666666666672,2.9944838455476757,0,0.0,UN1,2,Elderly Rural,0.561695934106047,5
E01019280,Copeland 002B,Cumberland,56.683,1,28.985507246376812,54.83558994197292,7.448275862068964,4.063860667634253,0,0.0,UF1,3,Deprived Car-Free Urban,0.5610439989712683,8
E01026643,King's Lynn and West Norfolk 014B,King's Lynn and West Norfolk,22.051,4,31.91027496382055,7.516339869281046,0.6507592190889366,2.1612635078969245,0,0.0,RSF1,2,Elderly Rural,0.5596863817827541,5
E01015667,Peterborough 019A,Peterborough,22.013,4,18.15680880330124,26.242236024844722,8.47107438016529,3.1841652323580036,0,0.0,UN1,0,Affluent Urban,0.5595090723803902,2
E01028845,Shropshire 027D,Shropshire,5.932,9,40.06211180124223,11.620111731843576,3.7267080745341574,2.009184845005741,0,0.0,RLN1,0,Affluent Urban,0.5595020163747872,3
E01026718,King's Lynn and West Norfolk 004D,King's Lynn and West Norfolk,23.837,4,29.45533769063181,9.003831417624522,1.7000871839581544,2.082275266632809,0,0.0,RSF1,2,Elderly Rural,0.5593142018380598,5
E01016942,Brighton and Hove 031C,Brighton and Hove,62.9,1,32.8397673188789,73.89210019267823,16.00633914421553,2.7898326100433977,6,3.1695721077654517,UN1,3,Deprived Car-Free Urban,0.5589661159175007,5
E01019304,Copeland 007F,Cumberland,20.074,5,33.36330935251798,7.037037037037037,2.156334231805934,1.5888778550148956,0,0.0,RSF1,2,Elderly Rural,0.5588485869429677,5
E01026624,Great Yarmouth 006C,Great Yarmouth,78.584,1,13.0546955624355,58.817204301075265,12.835051546391751,6.305732484076433,0,0.0,UF1,3,Deprived Car-Free Urban,0.5586830986936625,7
E01017035,Portsmouth 018A,Portsmouth,77.562,1,14.416475972540047,63.42412451361867,31.605922551252853,7.478122513922036,2,1.1409013120365088,UN1,3,Deprived Car-Free Urban,0.5586324593823371,8
E01006562,Liverpool 018E,Liverpool,69.625,1,13.553607552258933,65.75539568345323,21.22641509433962,6.0449050086355784,2,1.3477088948787064,UN1,3,Deprived Car-Free Urban,0.5584517187235478,8
E01008380,Newcastle upon Tyne 008G,Newcastle upon Tyne,68.223,1,8.0,58.82352941176471,39.51527924130664,6.024096385542169,2,1.0520778537611783,UN1,3,Deprived Car-Free Urban,0.5584243190693481,8
E01028851,Shropshire 029F,Shropshire,13.705,7,35.24904214559387,10.21377672209026,0.5476451259583737,1.257861635220126,0,0.0,RLN1,2,Elderly Rural,0.5581781630285659,5
E01028859,Shropshire 034E,Shropshire,24.243,4,31.75438596491228,4.918032786885246,2.397660818713454,2.0066889632107023,0,0.0,RSN1,2,Elderly Rural,0.5580545332741222,5
E01026776,North Norfolk 013C,North Norfolk,21.189,5,33.63279056709714,20.020746887966805,2.3542600896861,2.239283429302623,0,0.0,RLF1,0,Affluent Urban,0.5580381818622027,4
E01026888,South Norfolk 015A,South Norfolk,24.575,4,33.67655966081163,26.62420382165605,5.09090909090909,2.60196905766526,0,0.0,UF1,0,Affluent Urban,0.5580293180853709,3
E01012889,Kingston upon Hull 030B,"Kingston upon Hull, City of",65.709,1,13.214505224339273,59.44517833553501,13.70620774431469,5.365474339035769,17,10.448678549477565,UN1,3,Deprived Car-Free Urban,0.5580210942182429,6
E01021953,Rochford 004C,Rochford,46.124,1,12.08955223880597,28.22429906542056,3.9581777445855115,5.788423153692615,0,0.0,UN1,3,Deprived Car-Free Urban,0.5580154829979828,6
E01018084,Fenland 005D,Fenland,20.163,5,27.962320277640057,13.867822318526542,3.712871287128716,2.09668025626092,0,0.0,UF1,0,Affluent Urban,0.5578294186481495,4
E01026730,North Norfolk 008B,North Norfolk,24.17,4,28.397486252945797,10.986159169550174,1.571091908876665,1.5471167369901548,0,0.0,RSF1,2,Elderly Rural,0.5576210065594014,5
E01028826,Shropshire 027A,Shropshire,16.048,6,28.92837312604109,16.34980988593156,10.511679644048943,1.8447837150127224,0,0.0,RLN1,0,Affluent Urban,0.5575869257514029,4
E01011375,Leeds 086D,Leeds,65.793,1,4.224675948151704,53.97973950795948,76.79769894534996,8.248816768086545,0,0.0,UN1,1,Deprived Young Diverse Car-Free Urban,0.5574683354678351,8
E01032428,Wyre Forest 011B,Wyre Forest,23.495,4,33.26860841423948,20.25462962962963,3.813833225597929,2.9681978798586575,4,2.5839793281653747,RLF1,2,Elderly Rural,0.5574292963654,4
E01014358,Stoke-on-Trent 002B,Stoke-on-Trent,56.395,1,15.912518853695323,32.53234750462107,10.585585585585589,3.4965034965034967,4,3.0097817908201656,UN1,3,Deprived Car-Free Urban,0.5573769923018765,4
E01026597,Great Yarmouth 005C,Great Yarmouth,78.831,1,11.729323308270677,57.04365079365079,13.032581453634084,7.007575757575757,0,0.0,UF1,3,Deprived Car-Free Urban,0.5569435713255348,7
E01012682,Blackpool 008D,Blackpool,86.439,1,15.935178933153274,62.735257214554586,5.280974949221395,7.818930041152264,5,3.373819163292848,UN1,3,Deprived Car-Free Urban,0.5568175142408606,6
E01005643,Salford 029E,Salford,19.286,5,31.559766763848394,21.954887218045112,2.9175784099197632,3.25,2,1.4609203798392987,UN1,0,Affluent Urban,0.5567754205525666,2
E01019144,Barrow-in-Furness 001A,Westmorland and Furness,19.183,5,28.530259365994237,13.531353135313532,0.8633093525179825,2.3430962343096233,0,0.0,RSF1,2,Elderly Rural,0.5567274093307396,5
E01019356,South Lakeland 007A,Westmorland and Furness,19.178,5,32.568149210903876,7.8431372549019605,1.6487455197132572,0.7923930269413629,0,0.0,RSF1,2,Elderly Rural,0.5563187326988324,5
E01029016,Shropshire 037D,Shropshire,20.894,5,33.991825613079016,4.180064308681672,2.5187202178352575,1.1146496815286624,0,0.0,RSF1,2,Elderly Rural,0.5561166671765937,5
E01020235,Teignbridge 006D,Teignbridge,21.181,5,36.860465116279066,26.650943396226417,3.428239395700172,2.7131782945736433,7,4.067402672864613,UN1,0,Affluent Urban,0.5559894193804082,3
E01019350,South Lakeland 008C,Westmorland and Furness,16.37,6,34.411384217335055,7.808219178082192,1.1620400258231078,1.023391812865497,0,0.0,RSF1,2,Elderly Rural,0.5559007894027959,5
E01012283,Stockton-on-Tees 020B,Stockton-on-Tees,51.761,1,15.871710526315788,39.661654135338345,4.67596390484003,6.210526315789474,2,1.6406890894175554,UN1,3,Deprived Car-Free Urban,0.5557995207025284,6
E01019305,Eden 001A,Westmorland and Furness,22.993,4,25.542406311637084,13.465553235908143,1.2339585389930852,2.6674233825198637,0,0.0,RSF1,2,Elderly Rural,0.5555537239669304,5
E01006728,Liverpool 035E,Liverpool,65.747,1,9.828788839568801,63.013698630136986,31.008243500317057,7.398568019093078,0,0.0,UN1,3,Deprived Car-Free Urban,0.5554191172061897,8
E01019376,South Lakeland 001C,Westmorland and Furness,19.167,5,25.986078886310903,16.044776119402986,2.7089783281733726,1.4084507042253522,0,0.0,RSF1,2,Elderly Rural,0.5545475658356529,5
E01026444,Breckland 012B,Breckland,26.686,3,28.720874940561103,5.021834061135371,1.665873393622086,2.6607538802660753,0,0.0,RSF1,2,Elderly Rural,0.5542143165591674,6
E01026872,South Norfolk 013A,South Norfolk,20.394,5,30.702136938508506,8.190476190476192,1.6136066288704787,2.096114519427403,0,0.0,RSF1,2,Elderly Rural,0.5539813320775377,5
E01028871,Shropshire 009C,Shropshire,24.686,4,25.524222704266087,11.132437619961612,1.3015184381778733,0.7792207792207793,0,0.0,RSN1,2,Elderly Rural,0.5538751697808324,5
E01026694,King's Lynn and West Norfolk 012D,King's Lynn and West Norfolk,23.192,4,28.094153378891416,9.037162162162163,2.542694497153697,2.9783393501805056,0,0.0,RSF1,2,Elderly Rural,0.5538589589058345,5
E01009379,Birmingham 071E,Birmingham,68.675,1,12.611665790856541,54.78645066273933,88.0927291886196,6.713286713286713,0,0.0,UN1,1,Deprived Young Diverse Car-Free Urban,0.5537750305834326,9
E01002736,Islington 005C,Islington,47.457,1,15.707515233581585,66.31944444444444,62.07598371777476,9.535864978902953,0,0.0,UN1,1,Deprived Young Diverse Car-Free Urban,0.5536561181186423,8
E01026461,Breckland 001C,Breckland,14.564,6,33.20872274143302,10.1010101010101,1.741293532338306,1.094890510948905,0,0.0,RSF1,2,Elderly Rural,0.5535191632283908,4
E01009377,Birmingham 083C,Birmingham,72.26,1,9.530292716133424,50.23041474654379,88.47989093387866,7.789678675754626,0,0.0,UN1,1,Deprived Young Diverse Car-Free Urban,0.5535001693983774,9
E01019107,Allerdale 002B,Cumberland,20.681,5,30.09771986970684,8.44062947067239,0.6485084306095956,1.430722891566265,0,0.0,RSN1,2,Elderly Rural,0.5533051170746882,5
E01019154,Barrow-in-Furness 003C,Westmorland and Furness,6.624,9,38.58144972720187,13.344051446945338,5.5038759689922445,1.0471204188481675,0,0.0,UF1,0,Affluent Urban,0.5531775522699915,3
E01026224,North Kesteven 007D,North Kesteven,27.915,3,22.858701582105837,18.560606060606062,2.896174863387979,3.2016348773841963,2,1.0922992900054613,RLN1,0,Affluent Urban,0.5531663378037973,6
E01026697,King's Lynn and West Norfolk 015B,King's Lynn and West Norfolk,26.077,4,26.1094674556213,8.532423208191126,2.4426350851221357,1.8421052631578945,0,0.0,RSF1,2,Elderly Rural,0.5528004284190965,5
E01026629,Great Yarmouth 001F,Great Yarmouth,22.871,4,26.57295850066934,10.526315789473683,2.0777479892761352,3.0903328050713155,0,0.0,RLF1,2,Elderly Rural,0.5518628305380368,5
E01026767,North Norfolk 012B,North Norfolk,17.507,5,31.862745098039213,8.378870673952642,1.225490196078427,2.3719165085388996,0,0.0,RSN1,2,Elderly Rural,0.5518099172531915,5
E01019386,South Lakeland 007C,Westmorland and Furness,18.012,5,31.75715119673088,7.960199004975125,1.6383850204798156,0.9765625,0,0.0,RSF1,2,Elderly Rural,0.5516238996793744,5
E01006695,Liverpool 028C,Liverpool,73.213,1,9.201773835920177,65.31483457844183,33.684794672586015,7.933333333333334,2,1.1098779134295227,UN1,3,Deprived Car-Free Urban,0.5514818450622758,8
E01026645,King's Lynn and West Norfolk 002A,King's Lynn and West Norfolk,25.179,4,44.316163410301954,9.813874788494077,1.3239187996469504,1.262135922330097,0,0.0,RSF1,2,Elderly Rural,0.5509618516565611,5
E01027685,Harrogate 001C,North Yorkshire,14.128,7,36.24100719424461,17.017543859649123,1.618705035971224,1.7435897435897436,2,1.7985611510791368,RLF1,2,Elderly Rural,0.5508940843139898,5
E01026880,South Norfolk 008B,South Norfolk,12.07,7,35.664819944598335,7.933884297520661,1.9430950728660634,2.6252983293556085,0,0.0,RSN1,2,Elderly Rural,0.5508680040205983,4
E01032194,Malvern Hills 004A,Malvern Hills,30.851,3,27.017114914425427,26.912568306010932,2.6960784313725505,3.1818181818181817,2,1.226241569589209,UN1,3,Deprived Car-Free Urban,0.5506610392288486,6
E01009510,Birmingham 056E,Birmingham,62.79,1,17.885714285714286,46.131386861313864,49.57216200798631,4.640371229698376,0,0.0,UN1,3,Deprived Car-Free Urban,0.5505357037906359,8
E01006563,Liverpool 024B,Liverpool,75.635,1,20.304271503803395,68.97727272727273,21.541155866900176,6.093189964157706,7,4.086398131932283,UN1,3,Deprived Car-Free Urban,0.5503815356029615,6
E01027427,Northumberland 025C,Northumberland,47.37,1,19.44595328625747,39.06581740976646,2.4443237370994075,6.058588548601864,12,6.521739130434782,UN1,3,Deprived Car-Free Urban,0.5501807070458751,5
E01026501,Broadland 001C,Broadland,17.682,5,29.562500000000004,10.56338028169014,3.0605871330418477,2.6548672566371683,0,0.0,RSN1,2,Elderly Rural,0.5500451136742266,4
E01006645,Liverpool 017E,Liverpool,60.232,1,17.557755775577558,48.69186046511628,9.199205823957646,6.11541774332472,0,0.0,UN1,3,Deprived Car-Free Urban,0.5494965908169098,6
E01035318,Thanet 014E,Thanet,28.918,3,21.55963302752294,10.518518518518519,6.41781270464964,3.304484657749803,0,0.0,UF1,0,Affluent Urban,0.5493878931509072,5
E01026727,King's Lynn and West Norfolk 018B,King's Lynn and West Norfolk,20.733,5,30.050019238168524,6.695652173913043,1.6147635524798143,1.7583408476104598,0,0.0,RSF1,2,Elderly Rural,0.5493636591018695,5
E01033527,Shropshire 038I,Shropshire,13.272,7,54.78468899521531,22.15827338129496,1.195219123505975,1.0212765957446808,0,0.0,UF1,0,Affluent Urban,0.5492419376129343,3
E01021988,Tendring 018A,Tendring,94.223,1,30.120481927710845,46.32911392405064,4.716507777220269,7.537399309551208,12,6.0271220492214965,UN1,3,Deprived Car-Free Urban,0.5491948248175798,9
E01012673,Blackpool 010A,Blackpool,91.186,1,12.134831460674157,67.36,15.453863465866469,6.97211155378486,5,3.750937734433608,UN1,3,Deprived Car-Free Urban,0.549128216193181,6
E01022941,Havant 017D,Havant,14.637,6,39.01933701657458,9.090909090909092,3.6551724137931063,2.6495079485238455,2,1.3774104683195594,UN1,0,Affluent Urban,0.5489118417978432,4
E01026701,King's Lynn and West Norfolk 003D,King's Lynn and West Norfolk,13.635,7,47.04477611940299,11.031175059952037,1.673640167364021,0.9966777408637874,0,0.0,RLF1,2,Elderly Rural,0.5486862503171249,4
E01026921,South Norfolk 005C,South Norfolk,7.681,9,34.19811320754717,13.001605136436597,1.6457680250783646,2.0609318996415773,0,0.0,UN1,0,Affluent Urban,0.5483993300144565,3
E01030187,East Suffolk 019C,East Suffolk,23.233,4,25.94897324206596,17.63888888888889,4.2157470551766885,3.3232628398791544,2,1.243008079552517,RLF1,0,Affluent Urban,0.5483721564595305,3
E01035619,Newcastle upon Tyne 038C,Newcastle upon Tyne,71.988,1,7.77233782129743,67.54530477759472,47.30061349693252,5.921052631578947,2,1.2254901960784315,UN1,1,Deprived Young Diverse Car-Free Urban,0.5482667168287862,8
E01026935,South Norfolk 014F,South Norfolk,14.925,6,32.962138084632514,7.718696397941681,1.7037037037037073,2.218430034129693,0,0.0,RSF1,2,Elderly Rural,0.5482004233314753,5
E01026684,King's Lynn and West Norfolk 013A,King's Lynn and West Norfolk,29.381,3,25.819958129797627,3.6363636363636362,2.1693491952414323,1.834862385321101,0,0.0,RSF1,2,Elderly Rural,0.5479811271455632,5
E01026766,North Norfolk 005B,North Norfolk,20.277,5,28.68678283042924,8.190476190476192,1.6553480475381965,2.334823646299056,0,0.0,RSF1,2,Elderly Rural,0.5475757242671824,5
E01012159,Redcar and Cleveland 007B,Redcar and Cleveland,42.501,2,29.61876832844575,38.11274509803921,2.496328928046987,3.3011272141706924,0,0.0,RLN1,3,Deprived Car-Free Urban,0.5473219049417943,7
E01026538,Broadland 018C,Broadland,23.86,4,25.12437810945274,9.517045454545455,2.1157436216552528,3.125,0,0.0,RSF1,2,Elderly Rural,0.5472810822533154,5
E01026726,King's Lynn and West Norfolk 015D,King's Lynn and West Norfolk,24.42,4,26.1090573012939,7.559395248380129,1.9907407407407374,2.4324324324324325,0,0.0,RSF1,2,Elderly Rural,0.5470975980023388,5
E01019313,Eden 005C,Westmorland and Furness,15.836,6,32.59312320916906,6.779661016949152,1.2912482065997155,0.9803921568627451,0,0.0,RSF1,2,Elderly Rural,0.5469080767484977,5
E01019310,Eden 006C,Westmorland and Furness,18.219,5,32.64604810996563,4.44104134762634,0.5483207676490798,1.5735641227380015,0,0.0,RSF1,2,Elderly Rural,0.5469016146302141,5
E01026943,South Norfolk 010C,South Norfolk,21.349,5,29.150066401062418,6.22154779969651,1.5231788079470232,1.8615040953090096,0,0.0,RSF1,2,Elderly Rural,0.54686284014243,5
E01032198,Malvern Hills 011A,Malvern Hills,20.479,5,30.29180176007411,5.427251732101617,2.0398701900788185,1.664876476906552,0,0.0,RSN1,2,Elderly Rural,0.5467227625798439,5
E01013376,York 002D,York,4.137,10,37.083333333333336,11.661341853035143,1.0445682451253435,0.9868421052631579,0,0.0,UN1,0,Affluent Urban,0.5466774726638437,3
E01002855,Kensington and Chelsea 001D,Kensington and Chelsea,42.657,2,15.819209039548024,68.37016574585635,60.10069225928256,6.798245614035088,0,0.0,UN1,1,Deprived Young Diverse Car-Free Urban,0.5466106089938559,9
E01017040,Portsmouth 028B,Portsmouth,77.736,1,11.505016722408026,59.55766192733017,27.333333333333332,7.726864330637915,3,2.004008016032064,UN1,3,Deprived Car-Free Urban,0.546494552528427,8
E01018091,Fenland 004E,Fenland,31.224,3,19.235836627140976,10.185185185185185,3.289473684210531,2.7091633466135456,0,0.0,RSN1,2,Elderly Rural,0.5464459471142342,4
E01028261,Mansfield 012C,Mansfield,51.362,1,13.736263736263737,26.576576576576578,5.728214503351614,3.930817610062893,7,4.2656916514320535,UN1,3,Deprived Car-Free Urban,0.5464392308015104,3
E01019346,South Lakeland 003A,Westmorland and Furness,14.871,6,30.57630736392743,10.0,2.2411953041622246,1.1757425742574257,0,0.0,RSF1,2,Elderly Rural,0.5459039084942218,5
E01019164,Barrow-in-Furness 004C,Westmorland and Furness,58.706,1,10.3086014445174,40.87237479806139,3.0860144451740013,5.229936880072137,0,0.0,UF1,3,Deprived Car-Free Urban,0.5459003231797739,7
E01026679,King's Lynn and West Norfolk 018A,King's Lynn and West Norfolk,23.128,4,26.07802874743326,8.193668528864059,2.3418241577649934,2.087378640776699,0,0.0,RSF1,2,Elderly Rural,0.5456754495378996,5
E01028847,Shropshire 034D,Shropshire,23.732,4,26.779661016949152,6.6115702479338845,2.43243243243243,2.2906793048973144,0,0.0,RSN1,2,Elderly Rural,0.5455615378903552,5
E01026728,King's Lynn and West Norfolk 018C,King's Lynn and West Norfolk,23.544,4,26.513080827801637,7.117117117117116,2.8135990621336426,2.361111111111111,0,0.0,RSF1,2,Elderly Rural,0.5454791096199278,5
E01013286,North Lincolnshire 005A,North Lincolnshire,29.319,3,32.562277580071175,28.403361344537814,4.170363797692989,3.077725612936881,12,5.335704757670075,UN1,0,Affluent Urban,0.5454375404297563,5
E01009354,Birmingham 036F,Birmingham,66.441,1,15.04823151125402,50.09823182711198,88.34080717488789,7.711442786069651,0,0.0,UN1,1,Deprived Young Diverse Car-Free Urban,0.545019217498505,9
E01026901,South Norfolk 013C,South Norfolk,11.718,7,31.406844106463875,11.40495867768595,0.6097560975609762,1.7574692442882252,0,0.0,RLF1,0,Affluent Urban,0.5448819298811903,4
E01020484,Dorset 042G,Dorset,21.056,5,28.732394366197184,20.031298904538342,1.900070372976781,3.4454470877768664,3,2.109704641350211,RLF1,0,Affluent Urban,0.5448586552170056,3
E01016900,Brighton and Hove 008A,Brighton and Hove,59.173,1,11.916461916461916,52.086137281292054,22.378908645003072,6.184798807749627,9,5.518087063151441,UN1,3,Deprived Car-Free Urban,0.5447387824662959,7
E01018689,Cheshire West and Chester 002E,Cheshire West and Chester,14.79,6,33.429394812680115,19.791666666666664,3.5201149425287404,2.823920265780731,3,2.158273381294964,RLN1,0,Affluent Urban,0.544633544520668,3
E01026874,South Norfolk 014B,South Norfolk,22.347,4,26.601941747572816,7.728706624605679,2.3300970873786353,2.1339220014716704,0,0.0,RSF1,2,Elderly Rural,0.5445744417862185,5
E01028928,Shropshire 011E,Shropshire,20.628,5,24.86453943407586,12.086330935251798,2.7644230769230727,2.4034959941733427,0,0.0,RLF1,2,Elderly Rural,0.5444970321222482,4
E01019125,Allerdale 008F,Cumberland,14.759,6,27.361111111111114,13.823529411764707,0.9002770083102463,1.9639934533551555,0,0.0,UF1,0,Affluent Urban,0.5444028126604563,5
E01019226,Carlisle 001A,Cumberland,23.008,4,25.871080139372822,7.959183673469387,1.650738488271064,1.861427094105481,0,0.0,RSN1,2,Elderly Rural,0.544263150637742,5
E01035071,Shropshire 030F,Shropshire,20.844,5,30.08888888888889,4.257528556593977,1.6896398399288581,1.4902363823227132,0,0.0,RSF1,2,Elderly Rural,0.5442604476335036,5
E01028910,Shropshire 003A,Shropshire,17.676,5,28.437724982001438,9.514925373134329,2.7259684361549463,1.4937759336099585,0,0.0,RSF1,2,Elderly Rural,0.5442491433001988,5
E01028970,Shropshire 014C,Shropshire,15.007,6,36.74014696058784,13.486842105263158,2.1376085504342,1.0711553175210407,0,0.0,RSN1,2,Elderly Rural,0.5442426224581653,5
E01026452,Breckland 004B,Breckland,16.875,6,29.305312317571513,9.078590785907858,1.4594279042615343,2.4930747922437675,0,0.0,RSF1,2,Elderly Rural,0.5442196048524165,5
E01026652,King's Lynn and West Norfolk 019E,King's Lynn and West Norfolk,30.27,3,21.58774373259053,6.872852233676976,2.506963788300831,3.3333333333333335,0,0.0,RLF1,2,Elderly Rural,0.5441874069874066,5
E01018058,Fenland 008A,Fenland,13.961,7,31.21107266435986,9.195402298850574,1.1103400416377474,2.371541501976284,0,0.0,UN1,0,Affluent Urban,0.5441069428133326,4
E01009424,Birmingham 004B,Birmingham,14.445,6,19.936908517350158,24.099722991689752,15.676359039190901,2.2556390977443606,0,0.0,UN1,0,Affluent Urban,0.544058778773121,2
E01006790,Liverpool 006C,Liverpool,70.294,1,12.679162072767364,57.91907514450867,11.900826446280988,6.280875088214538,3,1.6528925619834711,UN1,3,Deprived Car-Free Urban,0.5438801923675874,7
E01006467,Knowsley 008B,Knowsley,68.093,1,13.389441469013008,54.54545454545454,5.674846625766872,5.315947843530592,2,1.5325670498084292,UN1,3,Deprived Car-Free Urban,0.5437448274004386,6
E01019081,Allerdale 003A,Cumberland,35.923,2,21.80735930735931,17.753623188405797,0.1621621621621605,2.4390243902439024,0,0.0,RLN1,3,Deprived Car-Free Urban,0.5435800768958934,6
E01026474,Breckland 017A,Breckland,24.407,4,16.352201257861633,19.156626506024097,8.826382153249268,2.853673345476624,0,0.0,UF1,0,Affluent Urban,0.5432247066714082,1
E01019340,Eden 007E,Westmorland and Furness,21.553,4,29.433406916850625,4.0,1.4695077149155078,2.9335634167385676,0,0.0,RSF1,2,Elderly Rural,0.5431890540093673,5
E01025575,Wyre 005B,Wyre,43.128,2,17.466307277628033,35.93570608495982,2.6939655172413812,3.7914691943127963,8,4.314994606256742,UN1,3,Deprived Car-Free Urban,0.5430073460768522,4
E01019083,Allerdale 002A,Cumberland,19.178,5,29.106945975744214,6.6167290886392,2.206287920573635,1.0158730158730158,0,0.0,RSN1,2,Elderly Rural,0.542999460874751,5
E01010101,Sandwell 020B,Sandwell,44.171,2,19.114785992217897,49.18918918918919,54.1039339485187,8.274647887323944,0,0.0,UN1,1,Deprived Young Diverse Car-Free Urban,0.5428205395092627,8
E01010473,Wolverhampton 015C,Wolverhampton,71.914,1,7.9156908665105385,54.19689119170984,55.43580131208997,11.607142857142858,0,0.0,UN1,1,Deprived Young Diverse Car-Free Urban,0.5424516178833731,9
E01034075,Copeland 001E,Cumberland,17.273,6,26.652542372881356,11.453320500481231,1.6532428995337023,2.09858467545144,0,0.0,RSF1,2,Elderly Rural,0.5422778542127129,5
E01033530,Shropshire 030E,Shropshire,23.449,4,27.239199157007377,6.031363088057901,1.3698630136986356,1.9927536231884055,0,0.0,RSN1,2,Elderly Rural,0.5422135961418036,5
E01024999,Fylde 007B,Fylde,13.56,7,26.82758620689655,14.67065868263473,2.4121295658166786,2.1103896103896105,0,0.0,RLN1,0,Affluent Urban,0.5421198077511967,4
E01015841,Southend-on-Sea 014C,Southend-on-Sea,60.521,1,7.668353444920202,41.211101766190076,19.073569482288832,7.082294264339152,5,1.9455252918287937,UN1,3,Deprived Car-Free Urban,0.542033737787658,7
E01035537,Fenland 011G,Fenland,27.367,3,16.399694889397406,15.686274509803921,5.114503816793892,2.3054755043227666,0,0.0,UF1,0,Affluent Urban,0.5418950598630408,4
E01002842,Kensington and Chelsea 021C,Kensington and Chelsea,45.925,1,18.57707509881423,69.23076923076923,62.266009852216754,7.032181168057211,0,0.0,UN1,1,Deprived Young Diverse Car-Free Urban,0.5418504505090354,9
E01019099,Allerdale 005D,Cumberland,31.144,3,21.574344023323615,20.153061224489797,0.5244755244755206,1.7793594306049825,0,0.0,RLF1,0,Affluent Urban,0.5417079759080756,6
E01006694,Liverpool 030B,Liverpool,58.054,1,8.686765457332651,65.20681265206812,37.51274209989807,6.381620931716656,2,1.0204081632653061,UN1,1,Deprived Young Diverse Car-Free Urban,0.5416067226854402,8
E01027580,Craven 006B,North Yorkshire,30.336,3,19.346049046321525,32.454361054766736,3.354487760652769,3.5509736540664374,4,3.6330608537693005,UF1,3,Deprived Car-Free Urban,0.541328097711557,4
E01001812,Hackney 003E,Hackney,49.978,1,8.537946428571429,58.4070796460177,30.156075808249717,5.747126436781609,0,0.0,UN1,1,Deprived Young Diverse Car-Free Urban,0.5412273184173464,9
E01025087,Lancaster 004C,Lancaster,28.161,3,41.91802010827533,30.666666666666664,3.5576179427687538,2.6724137931034484,10,7.745933384972889,UF1,0,Affluent Urban,0.541184883347018,5
E01019229,Carlisle 001D,Cumberland,23.53,4,26.935659760087237,4.583835946924005,1.0331702011962984,1.3613861386138615,0,0.0,RSN1,2,Elderly Rural,0.5410693014042856,5
E01017367,Isle of Wight 005C,Isle of Wight,12.582,7,41.15138592750533,13.743016759776536,1.7628205128205177,1.3157894736842104,4,2.1344717182497335,RLF1,2,Elderly Rural,0.5406672868772581,4
E01018067,Fenland 004B,Fenland,21.176,5,24.85207100591716,9.433962264150944,1.8827326519634258,2.674494455316373,0,0.0,UF1,0,Affluent Urban,0.5405560882471491,4
E01019337,Eden 006G,Westmorland and Furness,19.71,5,25.881470367591895,9.40032414910859,0.5275056518462717,1.7421602787456445,0,0.0,RLF1,2,Elderly Rural,0.5405083337943599,5
E01026436,Breckland 001A,Breckland,19.463,5,27.5820170109356,7.244995233555768,1.4187271990271588,1.6965584100824043,0,0.0,RSN1,2,Elderly Rural,0.5403533097372187,5
E01026759,North Norfolk 016C,North Norfolk,23.607,4,29.922915206727403,15.63517915309446,2.0365168539325795,2.278481012658228,0,0.0,UF1,0,Affluent Urban,0.5402540270620177,5
E01019387,South Lakeland 002A,Westmorland and Furness,11.67,7,29.005901044030868,12.636815920398009,2.4101864483856317,2.3535564853556483,0,0.0,RLF1,2,Elderly Rural,0.5402027158959151,5
E01019308,Eden 005A,Westmorland and Furness,22.727,4,25.770750988142293,6.543624161073826,2.1411578112609075,1.6363636363636365,0,0.0,RSF1,2,Elderly Rural,0.5401902752728805,5
E01020724,County Durham 029D,County Durham,56.649,1,9.211283822682786,47.285714285714285,7.785467128027679,5.124099279423539,3,1.7321016166281755,UN1,3,Deprived Car-Free Urban,0.5400406147707004,6
E01026696,King's Lynn and West Norfolk 015A,King's Lynn and West Norfolk,31.834,3,22.7491961414791,9.696969696969697,1.6867469879518038,2.34375,0,0.0,RSF1,2,Elderly Rural,0.5399546747977076,6
E01019357,South Lakeland 013E,Westmorland and Furness,14.485,6,28.62789384528515,10.340632603406325,0.7891770011273946,2.081977878985036,0,0.0,RLF1,2,Elderly Rural,0.5398933538037595,5
E01028960,Shropshire 028B,Shropshire,20.128,5,29.163879598662206,4.213938411669368,1.7437961099932897,1.6719745222929936,0,0.0,RSN1,2,Elderly Rural,0.5398145360104409,5
E01026491,Breckland 010E,Breckland,19.226,5,28.73263888888889,5.588822355289421,1.5184381778741818,1.5189873417721518,0,0.0,RSF1,2,Elderly Rural,0.539656961518546,5
E01026785,North Norfolk 014E,North Norfolk,17.604,5,37.41697416974169,8.186195826645266,0.8124076809453484,1.4026402640264026,0,0.0,RSF1,2,Elderly Rural,0.5395647065605618,5
E01019317,Eden 007B,Westmorland and Furness,12.518,7,31.801055011303692,7.73109243697479,1.5082956259426794,1.2334801762114538,0,0.0,RSF1,2,Elderly Rural,0.5395629927396651,5
E01026424,Breckland 012A,Breckland,19.442,5,26.276346604215455,8.67237687366167,2.2471910112359605,2.0,0,0.0,RLF1,2,Elderly Rural,0.5395152214563372,4
E01028916,Shropshire 007D,Shropshire,6.469,9,42.15885947046843,12.303290414878399,1.2898845892735933,2.366412213740458,0,0.0,UF1,0,Affluent Urban,0.5391410565629122,2
E01029586,Newcastle-under-Lyme 001E,Newcastle-under-Lyme,6.638,9,36.43344709897611,6.741573033707865,0.6808510638297904,3.619047619047619,0,0.0,UN1,0,Affluent Urban,0.5389967019357951,2
E01019131,Allerdale 002D,Cumberland,19.08,5,28.9544235924933,5.086848635235732,0.6966773847802754,1.5346838551258442,0,0.0,RSN1,2,Elderly Rural,0.5389003401546162,5
E01013254,North Lincolnshire 001A,North Lincolnshire,26.692,3,26.31578947368421,30.83235638921454,2.1739130434782594,3.5064059339177343,4,2.285714285714286,UN1,0,Affluent Urban,0.5387348612635608,5
E01019323,Eden 006E,Westmorland and Furness,20.333,5,27.5609756097561,5.698529411764706,1.2185215272136452,2.1355617455896008,0,0.0,RSF1,2,Elderly Rural,0.5386770345503471,5
E01026886,South Norfolk 014C,South Norfolk,16.226,6,29.11010558069382,7.394957983193278,1.2839879154078582,1.5517241379310345,0,0.0,RSF1,2,Elderly Rural,0.538474277782943,5
E01012170,Redcar and Cleveland 022D,Redcar and Cleveland,78.454,1,14.988104678826328,54.79204339963834,6.055776892430275,7.725321888412018,9,7.142857142857142,UN1,3,Deprived Car-Free Urban,0.5381507215753745,5
E01026103,East Lindsey 006A,East Lindsey,33.626,2,51.06805762543467,20.219123505976093,2.371541501976282,2.3255813953488373,14,6.934125804853887,UF1,2,Elderly Rural,0.5379945575205096,5
E01028990,Shropshire 032A,Shropshire,22.277,4,28.027681660899656,2.8925619834710745,0.9474590869939736,1.903807615230461,0,0.0,RSN1,2,Elderly Rural,0.5379549862392177,5
E01019092,Allerdale 012A,Cumberland,12.013,7,31.08587650816182,8.427876823338735,1.7033356990773574,1.5649452269170578,0,0.0,RSF1,2,Elderly Rural,0.5378641667429128,5
E01004732,Westminster 020B,Westminster,56.921,1,15.966386554621847,79.16063675832127,45.30175706646295,6.923751095530236,3,2.291825821237586,UN1,1,Deprived Young Diverse Car-Free Urban,0.5378212895425077,7
E01032440,Wyre Forest 001E,Wyre Forest,33.542,2,27.04987320371936,15.59633027522936,2.2842639593908642,3.0333670374115265,4,3.3783783783783785,RLF1,3,Deprived Car-Free Urban,0.5376863479544627,6
E01034094,Maldon 008I,Maldon,18.748,5,22.741433021806852,13.313161875945537,2.9962546816479363,2.7799227799227797,0,0.0,RLF1,0,Affluent Urban,0.5376293754503847,2
E01026298,South Kesteven 011D,South Kesteven,22.253,4,20.655270655270655,28.33969465648855,4.985754985754987,3.346797461050202,5,2.371916508538899,UN1,0,Affluent Urban,0.5374723861678039,1
E01001356,Ealing 033C,Ealing,49.112,1,10.68090787716956,61.5506329113924,67.13520749665328,7.788719785138765,0,0.0,UN1,1,Deprived Young Diverse Car-Free Urban,0.5374486731165649,8
E01034774,North Norfolk 005D,North Norfolk,19.564,5,47.61904761904761,12.773109243697478,0.917431192660545,2.2603978300180834,0,0.0,RSF1,2,Elderly Rural,0.5373154621563125,5
E01018062,Fenland 011A,Fenland,20.213,5,22.948960302457465,11.446317657497781,2.9523088569265665,2.159926470588235,0,0.0,UF1,0,Affluent Urban,0.5371993463513043,2
E01019225,Carlisle 002D,Cumberland,22.194,4,25.965996908809892,5.44378698224852,1.5979381443299023,2.136498516320475,0,0.0,RSN1,2,Elderly Rural,0.5371913059101796,5
E01026873,South Norfolk 014A,South Norfolk,15.45,6,30.906148867313917,5.072463768115942,1.53721682847896,1.89873417721519,0,0.0,RSF1,2,Elderly Rural,0.537111938152097,5
E01028913,Shropshire 011A,Shropshire,15.524,6,30.221424296828246,5.842391304347826,1.4362657091561926,0.6868131868131868,0,0.0,RSN1,2,Elderly Rural,0.5369010411174612,5
E01019139,Barrow-in-Furness 010B,Westmorland and Furness,68.494,1,11.268939393939394,60.862619808306704,6.338694418164614,7.700892857142858,0,0.0,UF1,3,Deprived Car-Free Urban,0.5367110460634439,7
E01013138,North East Lincolnshire 006A,North East Lincolnshire,84.525,1,10.075757575757576,61.71617161716172,5.151515151515151,5.589430894308943,2,1.5151515151515151,UN1,3,Deprived Car-Free Urban,0.5363782785940517,7
E01026775,North Norfolk 013B,North Norfolk,33.904,2,25.308641975308642,22.696245733788395,1.388888888888884,4.293893129770993,0,0.0,RLF1,3,Deprived Car-Free Urban,0.5363359462711863,7
E01028976,Shropshire 026D,Shropshire,11.82,7,31.86877562975981,6.8364611260053625,1.2295081967213073,1.6238159675236805,0,0.0,RSN1,2,Elderly Rural,0.5362829650606248,4
E01008907,Birmingham 040B,Birmingham,68.923,1,7.931225734886301,55.08885298869144,89.70099667774086,11.456023651145603,0,0.0,UN1,1,Deprived Young Diverse Car-Free Urban,0.5362630859971906,9
E01013099,East Riding of Yorkshire 033C,East Riding of Yorkshire,29.386,3,30.04201680672269,24.59016393442623,1.4705882352941124,3.6466774716369525,7,4.901960784313726,UN1,2,Elderly Rural,0.5357219730809423,6
E01026941,South Norfolk 009F,South Norfolk,13.841,7,31.340872374798064,5.323193916349809,1.049233252623083,1.4272121788772598,0,0.0,RSN1,2,Elderly Rural,0.535579991885348,5
E01018128,Huntingdonshire 002B,Huntingdonshire,15.494,6,27.969018932874356,8.30188679245283,6.580086580086575,1.9133937562940584,0,0.0,RSN1,2,Elderly Rural,0.5354620678708526,5
E01012112,Redcar and Cleveland 015A,Redcar and Cleveland,78.039,1,14.840989399293287,56.36363636363636,2.2614840989399254,7.887323943661972,8,5.653710247349823,UN1,3,Deprived Car-Free Urban,0.5354243728718571,5
E01028864,Shropshire 004A,Shropshire,18.323,5,28.07133421400264,5.413533834586466,0.9271523178807972,2.241112828438949,0,0.0,RSF1,2,Elderly Rural,0.5353242099534998,5
E01019384,South Lakeland 009C,Westmorland and Furness,14.277,6,30.196570472605604,6.349206349206349,1.085594989561589,1.4499758337361044,0,0.0,RSF1,2,Elderly Rural,0.5353081139552002,5
E01019311,Eden 005B,Westmorland and Furness,13.926,7,29.161028416779434,8.082408874801903,1.284651791751179,1.8942383583267564,0,0.0,RSN1,2,Elderly Rural,0.5352781724917131,5
E01026493,Breckland 012D,Breckland,17.109,6,29.575402635431917,9.208400646203554,4.093567251461994,1.5679442508710801,1,0.7309941520467835,RSF1,2,Elderly Rural,0.535084826949063,4
E01015271,Torbay 010E,Torbay,10.702,8,47.007397444519164,13.061224489795919,4.374158815612383,1.948051948051948,6,4.034969737726968,UF1,2,Elderly Rural,0.5347608304757475,3
E01000941,Camden 029D,Camden,39.324,2,11.380753138075313,74.57627118644068,61.50627615062761,6.490872210953347,0,0.0,UN1,1,Deprived Young Diverse Car-Free Urban,0.5346645040749629,9
E01026675,King's Lynn and West Norfolk 012C,King's Lynn and West Norfolk,17.878,5,26.2987012987013,7.9335793357933575,1.6142050040355072,1.264591439688716,0,0.0,RSF1,2,Elderly Rural,0.5346040350588332,5
E01028870,Shropshire 013B,Shropshire,21.227,5,25.815217391304344,5.392156862745098,1.9060585432266852,1.6241299303944314,0,0.0,RSN1,2,Elderly Rural,0.5345589233530487,5
E01026502,Broadland 001D,Broadland,14.645,6,25.242248062015506,12.362030905077264,2.278235579253518,2.5,0,0.0,RLN1,0,Affluent Urban,0.5344156590771474,4
E01006386,Wigan 009C,Wigan,80.934,1,20.757097791798106,63.12968917470525,9.766855702583488,6.831395348837209,6,3.780718336483932,UN1,3,Deprived Car-Free Urban,0.5343803238875369,6
E01026511,Broadland 017D,Broadland,22.704,4,24.111675126903553,6.109979633401222,1.8707482993197244,1.8924302788844622,0,0.0,RSN1,2,Elderly Rural,0.5341022035077608,5
E01026648,King's Lynn and West Norfolk 019A,King's Lynn and West Norfolk,23.881,4,22.20205686630369,7.565337001375516,5.846895720313439,1.9593613933236573,0,0.0,RSF1,2,Elderly Rural,0.5340290698338659,4
E01007290,Wirral 027B,Wirral,67.012,1,16.531027466937946,44.39701173959445,5.399898115129909,3.5894206549118386,13,6.622516556291391,UN1,3,Deprived Car-Free Urban,0.5340113509426763,4
E01026903,South Norfolk 012D,South Norfolk,15.067,6,28.18965517241379,7.707910750507099,1.8103448275862077,1.6016016016016015,0,0.0,RSN1,2,Elderly Rural,0.5338984780157598,5
E01009651,Coventry 031D,Coventry,57.356,1,9.049479166666668,61.338797814207645,45.12987012987013,8.339952343129468,0,0.0,UN1,1,Deprived Young Diverse Car-Free Urban,0.5338549966700258,9
E01009607,Coventry 004C,Coventry,76.669,1,9.932140653917335,56.95708712613784,30.593325092707047,7.28744939271255,0,0.0,UN1,3,Deprived Car-Free Urban,0.5337356123433614,8
E01000527,Brent 025E,Brent,53.357,1,11.36606189967983,57.472826086956516,70.11739594450374,6.875000000000001,0,0.0,UN1,1,Deprived Young Diverse Car-Free Urban,0.5335410471429243,9
E01028757,Vale of White Horse 015F,Vale of White Horse,16.78,6,18.71657754010695,18.834547346514046,6.055209260908279,2.213613724405091,0,0.0,UF1,0,Affluent Urban,0.5335091213727399,1
E01019128,Allerdale 003D,Cumberland,25.107,4,25.943970767356884,7.525325615050652,0.9779951100244544,2.1529324424647367,0,0.0,RSF1,2,Elderly Rural,0.533440702427257,5
E01026790,North Norfolk 012E,North Norfolk,19.377,5,24.184100418410043,8.8659793814433,1.0896898575020963,2.2908366533864544,0,0.0,RSN1,2,Elderly Rural,0.5334186799311913,5
E01029789,Staffordshire Moorlands 012B,Staffordshire Moorlands,15.23,6,27.345309381237527,8.447488584474886,2.4975024975025018,1.9274376417233559,0,0.0,RSN1,2,Elderly Rural,0.5333212487380458,5
E01019314,Eden 001B,Westmorland and Furness,15.582,6,30.537159676232523,3.747870528109029,1.17647058823529,0.8525149190110828,0,0.0,RSF1,2,Elderly Rural,0.5333001358108854,5
E01020107,North Devon 011C,North Devon,12.652,7,40.55384615384615,13.008130081300814,2.2140221402214055,2.2964509394572024,5,3.075030750307503,RLF1,2,Elderly Rural,0.5331873160347474,3
E01026517,Broadland 003D,Broadland,9.615,8,32.418952618453865,6.772334293948126,2.0560747663551426,2.0408163265306123,0,0.0,RSN1,0,Affluent Urban,0.533131582805201,4
E01035365,Cheshire West and Chester 007F,Cheshire West and Chester,37.082,2,15.248796147672552,30.441176470588232,9.222133119486763,2.9922779922779923,5,4.012841091492777,UN1,3,Deprived Car-Free Urban,0.5330647484007982,5
E01007215,Wirral 005A,Wirral,63.943,1,25.255275697753575,43.50736278447122,5.3741496598639475,5.574043261231281,7,4.7586675730795385,UN1,3,Deprived Car-Free Urban,0.533064715895457,7
E01019381,South Lakeland 007B,Westmorland and Furness,16.146,6,29.270544783010155,4.766839378238342,0.7390300230946889,1.3440860215053763,0,0.0,RSF1,2,Elderly Rural,0.5329110013804685,5
E01026523,Broadland 002B,Broadland,22.023,4,23.945205479452056,6.447534766118837,2.5122883670125606,2.0671834625323,0,0.0,RLN1,2,Elderly Rural,0.5329012533880139,5
E01026877,South Norfolk 011A,South Norfolk,16.517,6,28.544061302681996,5.462822458270106,1.9745222929936301,1.5521064301552108,0,0.0,RSF1,2,Elderly Rural,0.5328487069660484,5
E01016947,Brighton and Hove 030C,Brighton and Hove,52.603,1,9.637987776210625,68.23770491803278,37.52354048964218,6.598161168199026,0,0.0,UN1,1,Deprived Young Diverse Car-Free Urban,0.5328157720826417,7
E01028893,Shropshire 002D,Shropshire,19.417,5,26.803482587064675,5.5813953488372094,1.8645121193287761,1.658255227108868,0,0.0,RSF1,2,Elderly Rural,0.5327582273918257,5
E01018044,East Cambridgeshire 001C,East Cambridgeshire,18.346,5,18.70056497175141,17.01346389228886,4.458239277652365,2.2357723577235773,0,0.0,RLF1,0,Affluent Urban,0.5327133882010633,4
E01012684,Blackpool 008E,Blackpool,70.268,1,14.71830985915493,49.10979228486647,6.850282485875702,5.505415162454874,1,0.7042253521126761,UN1,3,Deprived Car-Free Urban,0.5326760521892979,7
E01026605,Great Yarmouth 001A,Great Yarmouth,17.418,6,38.95381190873678,9.314359637774903,1.3363028953229383,2.6217228464419478,0,0.0,RLF1,2,Elderly Rural,0.5324291822085724,4
E01002114,Harrow 001B,Harrow,21.307,5,25.324966382787988,32.24530168150346,54.68820098698968,3.6956521739130435,3,1.345291479820628,UN1,1,Deprived Young Diverse Car-Free Urban,0.5323751885384816,6
E01002872,Kensington and Chelsea 005B,Kensington and Chelsea,34.654,2,22.106824925816024,60.91603053435114,36.323202372127504,4.133685136323659,0,0.0,UN1,1,Deprived Young Diverse Car-Free Urban,0.5323441079784654,8
E01013201,North East Lincolnshire 005C,North East Lincolnshire,66.663,1,11.393229166666668,42.7906976744186,6.8582625734813885,5.2493438320209975,2,1.3054830287206267,UN1,3,Deprived Car-Free Urban,0.532317349438039,7
E01002851,Kensington and Chelsea 015D,Kensington and Chelsea,42.803,2,19.268110530246453,77.63819095477386,49.473684210526315,6.8181818181818175,1,0.7490636704119851,UN1,1,Deprived Young Diverse Car-Free Urban,0.5322533195140348,9
E01019132,Allerdale 001C,Cumberland,18.321,5,27.27777777777778,5.124835742444152,0.33296337402886067,1.5665796344647518,0,0.0,RSN1,2,Elderly Rural,0.5322493952181528,5
E01004746,Westminster 021D,Westminster,36.732,2,15.396952686447474,76.60208643815201,43.223736968724936,7.44485294117647,0,0.0,UN1,1,Deprived Young Diverse Car-Free Urban,0.5322491480878104,9
E01019133,Allerdale 003E,Cumberland,18.129,5,26.767015706806284,5.994152046783626,0.4590163934426239,1.4339622641509433,0,0.0,RSN1,2,Elderly Rural,0.5322268297203985,5
E01028979,Shropshire 014F,Shropshire,20.542,5,23.05699481865285,8.747514910536779,2.1496130696474602,0.7186858316221766,0,0.0,RSN1,2,Elderly Rural,0.5321874184588627,4
E01016074,Medway 001D,Medway,23.619,4,30.720235178833903,14.649033570701933,7.499999999999996,2.286670384829894,6,2.944062806673209,RLN1,2,Elderly Rural,0.5320646770744517,4
E01009769,Dudley 001D,Dudley,49.129,1,16.61255411255411,40.77669902912621,16.793478260869566,6.359189378057302,0,0.0,UN1,3,Deprived Car-Free Urban,0.5320602496287887,6
E01021908,Maldon 001A,Maldon,17.283,6,25.95785440613027,7.79816513761468,2.060373742213706,2.3781902552204177,0,0.0,RLN1,2,Elderly Rural,0.5319944467084619,5
E01025587,Wyre 004E,Wyre,25.377,4,38.00243605359318,11.636828644501279,1.4598540145985384,1.9000703729767767,7,4.263093788063338,RLN1,2,Elderly Rural,0.5319123538187135,4
E01026492,Breckland 012C,Breckland,23.225,4,25.745682888540035,9.773123909249563,4.150352388410338,1.5873015873015872,0,0.0,RLF1,2,Elderly Rural,0.5319051618193719,4
E01026479,Breckland 006A,Breckland,17.887,5,29.853723404255316,10.827067669172932,1.5323117921385743,1.643192488262911,0,0.0,RSN1,2,Elderly Rural,0.5318800129350786,5
E01024437,Sevenoaks 007C,Sevenoaks,19.358,5,26.54446707399864,9.40032414910859,5.0916496945010215,2.7485852869846403,1,0.6793478260869565,RLN1,2,Elderly Rural,0.5317966102080783,4
E01004670,Westminster 009A,Westminster,50.968,1,15.086683880486905,68.3585313174946,77.81469176818014,7.851985559566788,2,0.7377351530800443,UN1,1,Deprived Young Diverse Car-Free Urban,0.5316971957430257,9
E01028995,Shropshire 039A,Shropshire,15.317,6,29.896193771626294,11.442006269592477,1.107266435986154,1.151315789473684,0,0.0,RLF1,0,Affluent Urban,0.5315656233923349,4
E01019329,Eden 004D,Westmorland and Furness,9.858,8,31.368993653671808,7.2727272727272725,2.0890099909173454,1.2257405515832482,0,0.0,UN1,0,Affluent Urban,0.5315608824248778,4
E01019267,Copeland 004F,Cumberland,50.386,1,22.432210353327857,40.16949152542373,1.317957166392092,3.3846153846153846,0,0.0,RLF1,3,Deprived Car-Free Urban,0.5315439397789409,6
E01005754,Stockport 004B,Stockport,77.438,1,10.32418952618454,57.33590733590733,8.179551122194518,5.208333333333334,4,1.99501246882793,UN1,3,Deprived Car-Free Urban,0.5315138261378333,6
E01026623,Great Yarmouth 006B,Great Yarmouth,67.739,1,13.213703099510605,55.259975816203145,21.03260869565218,6.044678055190539,0,0.0,UF1,3,Deprived Car-Free Urban,0.5314993551659535,8
E01025592,Wyre 003C,Wyre,65.919,1,16.22670807453416,42.47619047619048,1.5515903801396447,6.777893639207508,2,1.5515903801396431,UN1,3,Deprived Car-Free Urban,0.5314310185879927,6
E01019380,South Lakeland 014C,Westmorland and Furness,19.379,5,26.942567567567565,4.208416833667335,1.6891891891891886,2.129817444219067,0,0.0,RSF1,2,Elderly Rural,0.5314235228246823,5
E01031686,Horsham 016E,Horsham,5.486,9,36.898779612347454,8.530805687203792,3.3069734004313456,1.2605042016806722,1,0.7183908045977011,RLN1,0,Affluent Urban,0.5314113568258535,4
E01021970,Tendring 016A,Tendring,68.528,1,23.497267759562842,44.771241830065364,5.573770491803276,4.453723034098817,2,1.0917030567685588,UN1,3,Deprived Car-Free Urban,0.531402518857803,8
E01026524,Broadland 002C,Broadland,16.693,6,26.830937713894592,6.885758998435055,3.2809295967190732,0.645682001614205,0,0.0,RSN1,2,Elderly Rural,0.5313646242384795,5
E01010471,Wolverhampton 015A,Wolverhampton,55.086,1,10.321864594894562,54.32692307692307,57.07940033314824,9.670487106017193,0,0.0,UN1,1,Deprived Young Diverse Car-Free Urban,0.5312040536233286,9
E01006611,Liverpool 012A,Liverpool,79.409,1,9.534534534534535,64.91228070175438,13.102409638554214,8.238636363636363,3,2.2522522522522523,UN1,3,Deprived Car-Free Urban,0.5310749750188927,6
E01027781,Ryedale 003C,North Yorkshire,16.468,6,40.41867954911433,18.086696562032888,1.9339242546333568,0.9107468123861567,2,1.6103059581320451,RLF1,2,Elderly Rural,0.5310455492515083,4
E01019338,Eden 002D,Westmorland and Furness,18.396,5,28.02547770700637,3.459637561779242,1.415428167020527,0.8921330089213302,0,0.0,RSN1,2,Elderly Rural,0.5309653531804317,5
E01007087,Sefton 029C,Sefton,52.987,1,15.781600598354526,46.19124797406807,2.464525765496639,6.152433425160698,1,0.7473841554559043,UN1,3,Deprived Car-Free Urban,0.5308616719862608,6
E01010290,Walsall 006D,Walsall,34.66,2,25.347852389594678,33.85214007782101,4.6610169491525415,5.469327420546933,0,0.0,UN1,3,Deprived Car-Free Urban,0.5306957371640465,7
E01007681,Rotherham 012A,Rotherham,14.252,6,35.73141486810552,15.724381625441698,2.637889688249395,2.604651162790698,0,0.0,UN1,0,Affluent Urban,0.5305568594147846,2
E01018036,East Cambridgeshire 005A,East Cambridgeshire,18.657,5,21.219366407650927,12.256267409470752,3.6483253588516784,2.1706586826347305,0,0.0,RLF1,2,Elderly Rural,0.5304200630169322,4
E01026505,Broadland 014B,Broadland,17.754,5,23.130262506191183,10.483870967741936,4.257425742574261,3.084515731030228,0,0.0,RLN1,2,Elderly Rural,0.5303699962939243,3
E01012854,Kingston upon Hull 029C,"Kingston upon Hull, City of",60.989,1,12.007417709782105,54.95652173913044,31.490942870413374,7.795229784758581,11,5.094951366373321,UN1,3,Deprived Car-Free Urban,0.5303523744203316,7
E01019344,South Lakeland 008A,Westmorland and Furness,16.769,6,26.556420233463037,6.637168141592921,2.0428015564202373,2.405498281786942,0,0.0,RSF1,2,Elderly Rural,0.5301310916134799,5
E01009507,Birmingham 056B,Birmingham,69.164,1,13.8442521631644,43.327556325823224,62.80074028377545,6.683375104427736,0,0.0,UN1,1,Deprived Young Diverse Car-Free Urban,0.5300680543229132,9
E01021401,Braintree 014D,Braintree,23.093,4,25.169230769230772,18.65136298421808,3.948180135718693,2.5738077214231643,4,2.4691358024691357,RLN1,0,Affluent Urban,0.5299307454814433,3
E01009160,Birmingham 125E,Birmingham,76.011,1,10.819070904645477,49.29775280898877,25.27539779681762,11.302847282139776,0,0.0,UN1,3,Deprived Car-Free Urban,0.5299024751480723,8
E01018049,East Cambridgeshire 006C,East Cambridgeshire,12.583,7,22.86282306163022,15.488215488215488,4.823470909995031,2.176541717049577,0,0.0,UF1,0,Affluent Urban,0.5297603573064846,3
E01026780,North Norfolk 009A,North Norfolk,23.467,4,21.79159049360146,6.610878661087866,2.631578947368418,2.4877832074633495,0,0.0,RSF1,2,Elderly Rural,0.5297581542500813,4
E01019219,Carlisle 007A,Cumberland,11.738,7,28.90226956924502,8.00405268490375,1.6666666666666718,1.5675675675675675,0,0.0,RSN1,2,Elderly Rural,0.5296598181136984,5
E01006610,Liverpool 009C,Liverpool,71.965,1,17.26027397260274,57.32946298984035,10.150891632373115,4.815133276010318,4,2.7416038382453736,UN1,3,Deprived Car-Free Urban,0.5296573420431294,6
E01026539,Broadland 018D,Broadland,18.971,5,24.770079705702024,6.764705882352941,1.716738197424894,1.2481644640234948,0,0.0,RSN1,2,Elderly Rural,0.5296416169009269,5
E01018156,Huntingdonshire 003A,Huntingdonshire,9.454,8,28.7945034353529,10.277777777777777,3.4289276807979996,2.5,0,0.0,RSN1,0,Affluent Urban,0.5295639779582284,4
E01026764,North Norfolk 002C,North Norfolk,19.891,5,43.420015760441295,17.925925925925927,1.340694006309151,2.59391771019678,0,0.0,RLF1,0,Affluent Urban,0.5295141877926918,4
E01024667,Thanet 016D,Thanet,79.076,1,16.2751677852349,56.9402228976697,8.826815642458097,6.193458594293667,7,3.9084310441094363,UF1,3,Deprived Car-Free Urban,0.529506897101916,6
E01019315,Eden 002A,Westmorland and Furness,16.337,6,27.291997880233176,5.764411027568922,1.0063559322033844,1.4769230769230768,0,0.0,RSN1,2,Elderly Rural,0.529505916107712,5
E01012985,East Riding of Yorkshire 044D,East Riding of Yorkshire,13.707,7,29.508196721311474,12.853470437017995,1.0514018691588745,3.059143439836846,2,1.1682242990654206,RLF1,2,Elderly Rural,0.5293767905443872,4
E01004740,Westminster 021A,Westminster,39.408,2,20.951650038372986,75.11380880121396,42.67075978511128,6.794425087108014,1,0.7662835249042146,UN1,1,Deprived Young Diverse Car-Free Urban,0.5293733085379417,9
E01009523,Coventry 010A,Coventry,10.331,8,31.809872029250457,5.095541401273886,7.256097560975605,2.251935256861365,0,0.0,UN1,2,Elderly Rural,0.5290396641388229,4
E01018039,East Cambridgeshire 005D,East Cambridgeshire,13.072,7,25.01918649270913,11.754068716094032,5.5299539170506895,1.9498607242339834,0,0.0,RLF1,0,Affluent Urban,0.5290284866991573,4
E01017038,Portsmouth 013C,Portsmouth,74.188,1,18.038331454340472,59.07928388746802,22.360248447204967,6.173725771715722,5,2.826455624646693,UN1,3,Deprived Car-Free Urban,0.5290162832244996,8
E01019091,Allerdale 006E,Cumberland,14.003,7,28.252148997134668,6.435006435006435,1.659038901601828,1.4617940199335548,0,0.0,RSF1,2,Elderly Rural,0.5289774378866623,5
E01011941,Wakefield 038B,Wakefield,15.469,6,32.87128712871287,16.02288984263233,5.009887936717206,2.5841816758026623,4,2.6367831245880025,RLN1,0,Affluent Urban,0.5288998697717524,2
E01028882,Shropshire 002C,Shropshire,21.543,4,24.523663183773817,4.25531914893617,1.597051597051602,3.2998565279770444,0,0.0,RSF1,2,Elderly Rural,0.528740279565352,5
E01033602,Westminster 009H,Westminster,52.986,1,12.983606557377051,74.20886075949366,66.99346405228759,6.315789473684211,2,1.309757694826457,UN1,1,Deprived Young Diverse Car-Free Urban,0.5287348451891042,9
E01006699,Liverpool 014A,Liverpool,67.898,1,13.980358174465627,62.26912928759894,13.0133024869867,5.033809166040571,3,1.7341040462427746,UN1,3,Deprived Car-Free Urban,0.5286620545280334,7
E01035618,Newcastle upon Tyne 038B,Newcastle upon Tyne,60.412,1,2.51414204902577,58.22222222222222,51.541850220264315,4.171011470281543,0,0.0,UN1,1,Deprived Young Diverse Car-Free Urban,0.5286261341982789,9
E01026778,North Norfolk 003E,North Norfolk,16.365,6,55.351906158357764,28.225806451612907,1.2445095168374776,1.984126984126984,0,0.0,RLF1,0,Affluent Urban,0.5284582412278496,2
E01012058,Middlesbrough 002A,Middlesbrough,71.032,1,10.849909584086799,65.97671410090557,31.790865384615387,11.23076923076923,3,1.8050541516245489,UN1,1,Deprived Young Diverse Car-Free Urban,0.5284480100399969,8
E01033598,Westminster 009F,Westminster,50.198,1,14.086573734409392,72.79411764705883,64.98168498168498,5.190311418685121,2,1.4641288433382138,UN1,1,Deprived Young Diverse Car-Free Urban,0.528444765672458,9
E01032134,Bromsgrove 005A,Bromsgrove,10.741,8,35.96813725490196,10.793650793650794,9.582309582309579,1.397624039133473,3,1.8393623543838136,UN1,0,Affluent Urban,0.5283258235808714,2
E01020838,County Durham 059C,County Durham,45.707,1,20.011634671320536,32.64311814859927,1.4534883720930258,5.067808708065667,7,4.069767441860465,RLN1,3,Deprived Car-Free Urban,0.5283194680706107,7
E01035316,Thanet 001F,Thanet,61.005,1,15.599639314697928,58.76623376623377,10.849909584086802,6.021505376344086,2,1.8034265103697023,UF1,3,Deprived Car-Free Urban,0.528261295603554,8
E01021491,Castle Point 012C,Castle Point,19.175,5,26.31261315630658,11.678832116788321,2.1621621621621623,2.5604551920341394,2,1.203369434416366,UN1,0,Affluent Urban,0.5280949858788265,4
E01021415,Braintree 017A,Braintree,22.392,4,36.99680511182108,35.961768219832734,6.64536741214058,2.5510204081632653,2,1.278772378516624,UN1,0,Affluent Urban,0.5280190884491416,3
E01013199,North East Lincolnshire 024B,North East Lincolnshire,52.937,1,16.11328125,34.090909090909086,3.875968992248058,4.750869061413673,3,2.912621359223301,UN1,3,Deprived Car-Free Urban,0.5278460741715452,6
E01020424,Dorset 016D,Dorset,12.949,7,39.59390862944163,10.213414634146341,1.3738250180766465,1.741884402216944,1,0.7230657989877078,UN1,0,Affluent Urban,0.5278347588224216,4
E01019301,Copeland 005F,Cumberland,71.296,1,13.10126582278481,40.30470914127424,3.6190476190476217,5.661948376353039,0,0.0,UF1,3,Deprived Car-Free Urban,0.5278275242255253,8
E01023041,New Forest 017C,New Forest,5.277,10,41.231929604022625,8.203125,1.7576898932831098,1.2151536812008579,0,0.0,UF1,0,Affluent Urban,0.5277196378370625,3
E01018059,Fenland 008B,Fenland,18.329,5,24.832663989290495,6.3439065108514185,5.3583389149363665,2.0684168655529036,0,0.0,RSN1,2,Elderly Rural,0.5275256931290568,4
E01019212,Carlisle 013A,Cumberland,10.827,8,29.935179728933413,6.495263870094722,2.5383707201888983,0.9226401703335699,0,0.0,RSN1,2,Elderly Rural,0.5275006409280576,5
E01000524,Brent 031B,Brent,62.133,1,9.315746084089035,65.45086119554205,67.34104046242774,6.698063840920984,3,1.2381345439537763,UN1,1,Deprived Young Diverse Car-Free Urban,0.5273493670590257,9
E01018196,Huntingdonshire 006A,Huntingdonshire,12.334,7,29.079659706109823,6.148282097649186,1.8532818532818518,2.3657870791628755,0,0.0,RSF1,2,Elderly Rural,0.5273147146411409,5
E01026485,Breckland 006E,Breckland,16.412,6,28.137817883511072,3.4979423868312756,1.9720624486442073,1.2609117361784674,0,0.0,RSF1,2,Elderly Rural,0.5271756234292525,5
E01012036,Middlesbrough 003A,Middlesbrough,64.124,1,6.7357512953367875,61.37820512820513,55.447470817120625,11.977030352748153,1,0.6476683937823834,UN1,1,Deprived Young Diverse Car-Free Urban,0.5271402660076192,9
E01005621,Salford 030F,Salford,34.423,2,15.406320541760724,29.68152866242038,7.622811970638055,2.9927007299270074,7,3.9548022598870056,UN1,3,Deprived Car-Free Urban,0.5270448382396591,5
E01002041,Haringey 037C,Haringey,50.386,1,12.012813667912441,55.95075239398085,57.601713062098504,6.385869565217392,0,0.0,UN1,1,Deprived Young Diverse Car-Free Urban,0.5269697670348369,9
E01009075,Birmingham 087C,Birmingham,53.038,1,15.066026410564227,55.99022004889975,46.204819277108435,8.02919708029197,0,0.0,UN1,1,Deprived Young Diverse Car-Free Urban,0.5269185551139961,8
E01028896,Shropshire 001E,Shropshire,16.946,6,23.77164248947122,18.278427205100954,3.2258064516129004,2.401372212692967,0,0.0,RLF1,0,Affluent Urban,0.5268979851654568,3
E01015614,Peterborough 013D,Peterborough,28.104,3,8.113120074177099,19.560185185185187,20.472440944881885,3.5294117647058822,0,0.0,UN1,3,Deprived Car-Free Urban,0.5268191605365736,7
E01026887,South Norfolk 014D,South Norfolk,18.62,5,24.109931292941912,6.736526946107785,2.4405506883604544,2.234206471494607,0,0.0,RLF1,2,Elderly Rural,0.5268154609086375,5
E01008084,Sheffield 070D,Sheffield,69.756,1,11.942098914354645,52.02614379084968,25.22631261315631,6.295993458708095,1,0.6024096385542169,UN1,3,Deprived Car-Free Urban,0.5264481674146256,7
E01026691,King's Lynn and West Norfolk 005A,King's Lynn and West Norfolk,11.067,8,29.623430962343093,6.1440677966101696,7.029288702928871,2.318548387096774,0,0.0,UF1,0,Affluent Urban,0.5262723972919415,4
E01009709,Coventry 007F,Coventry,72.119,1,9.126984126984127,49.056603773584904,51.78429817605075,6.585365853658537,0,0.0,UN1,3,Deprived Car-Free Urban,0.526228227123248,8
E01018110,Fenland 011E,Fenland,13.189,7,23.02850796001481,13.07017543859649,4.069552349241579,2.5720620842572064,0,0.0,UF1,0,Affluent Urban,0.5261420623860317,2
E01027805,Scarborough 006A,North Yorkshire,55.056,1,27.129337539432175,48.66760168302945,4.960629921259841,4.155614500442087,3,2.3603461841070024,UF1,3,Deprived Car-Free Urban,0.525984674450502,7
E01006740,Liverpool 057A,Liverpool,51.062,1,12.444444444444445,48.68035190615836,12.698412698412698,4.308202154101077,6,3.802281368821293,UN1,3,Deprived Car-Free Urban,0.5259172032085532,5
E01009215,Birmingham 126E,Birmingham,63.379,1,19.625137816979052,50.21413276231264,24.44933920704846,7.198306280875089,0,0.0,UN1,3,Deprived Car-Free Urban,0.5259112881694353,7
E01026007,Boston 001A,Boston,19.268,5,29.68609865470852,9.775967413441954,1.8766756032171594,2.0,2,1.7905102954341987,RLF1,2,Elderly Rural,0.5257059189635076,4
E01002907,Kensington and Chelsea 002D,Kensington and Chelsea,47.733,1,12.519440124416798,61.165048543689316,49.26070038910506,7.384615384615385,0,0.0,UN1,1,Deprived Young Diverse Car-Free Urban,0.5255456476687772,8
E01009182,Birmingham 092A,Birmingham,57.348,1,10.827629122588675,46.80187207488299,67.93039154754506,6.283118849356548,0,0.0,UN1,1,Deprived Young Diverse Car-Free Urban,0.5255146746798829,9
E01024436,Sevenoaks 007B,Sevenoaks,17.653,5,38.76177658142665,9.205020920502092,4.239569313593538,1.6730038022813687,5,3.369272237196766,RLN1,2,Elderly Rural,0.5255065131223078,3
E01028001,Bassetlaw 004A,Bassetlaw,59.986,1,19.82313927781872,31.506849315068493,2.2107590272660294,3.125,6,4.421518054532056,RLN1,3,Deprived Car-Free Urban,0.525451385340965,6
E01028977,Shropshire 026E,Shropshire,14.505,6,31.63983903420523,10.652920962199312,1.7579105976896048,1.311866428145498,0,0.0,RLN1,2,Elderly Rural,0.5254501935892809,4
E01028925,Shropshire 003F,Shropshire,14.294,6,25.866851595006935,7.706422018348624,6.146408839779005,1.5012510425354462,0,0.0,RSF1,2,Elderly Rural,0.5251554078513369,5
E01008391,Newcastle upon Tyne 035C,Newcastle upon Tyne,60.328,1,10.720887245841034,49.50980392156863,9.371146732429104,7.784431137724551,1,0.6153846153846154,UN1,3,Deprived Car-Free Urban,0.5250325668929754,6
E01020303,Torridge 007B,Torridge,23.768,4,33.91608391608392,6.649616368286446,1.0471204188481686,2.393617021276596,5,2.9086678301337985,RSF1,2,Elderly Rural,0.524757627503605,4
E01018081,Fenland 005A,Fenland,25.125,4,15.593561368209254,11.129568106312291,13.47804139323574,3.92512077294686,0,0.0,UF1,0,Affluent Urban,0.5244644446523653,3
E01006638,Liverpool 017B,Liverpool,71.967,1,14.274691358024691,47.03770197486535,11.222136817832439,5.1652892561983474,2,1.539645881447267,UN1,3,Deprived Car-Free Urban,0.5243468476267001,6
E01029001,Shropshire 039E,Shropshire,14.842,6,26.49450023912004,5.960264900662252,1.5281757402101248,2.208380520951302,0,0.0,RLF1,2,Elderly Rural,0.5243291418026628,5
E01019256,Copeland 004A,Cumberland,16.101,6,23.94468704512373,8.206686930091186,0.8727272727272695,1.4802631578947367,0,0.0,RSF1,2,Elderly Rural,0.5242454756606406,5
E01019303,Copeland 007E,Cumberland,10.706,8,25.67024128686327,10.964912280701753,3.008021390374327,1.66270783847981,0,0.0,RLF1,2,Elderly Rural,0.5242198894987595,4
E01026676,King's Lynn and West Norfolk 003A,King's Lynn and West Norfolk,17.386,6,47.51686082158185,14.268142681426815,1.7209588199139536,2.2342586323628977,0,0.0,RLF1,0,Affluent Urban,0.5240926101490425,3
E01001365,Ealing 026F,Ealing,30.733,3,12.432012432012431,34.46244477172312,95.96116504854368,5.885190545103714,0,0.0,UN1,1,Deprived Young Diverse Car-Free Urban,0.5240848911368332,7
E01018011,East Cambridgeshire 009A,East Cambridgeshire,10.248,8,28.626247122026093,7.302823758519961,5.751533742331283,1.7625231910946195,0,0.0,RSN1,2,Elderly Rural,0.5240785524166289,4
E01006987,Sefton 013C,Sefton,9.154,8,35.89315525876461,9.369024856596559,3.91014975041597,0.8704061895551257,2,1.6666666666666667,UN1,0,Affluent Urban,0.5240722789337966,3
E01019320,Eden 001C,Westmorland and Furness,17.219,6,27.16643741403026,2.666666666666667,0.8253094910591452,1.1281224818694602,0,0.0,RSN1,2,Elderly Rural,0.5240631648912325,5
E01001827,Hackney 029D,Hackney,55.599,1,10.139647844565877,57.57575757575758,52.21884498480242,6.186440677966102,1,0.6071645415907712,UN1,1,Deprived Young Diverse Car-Free Urban,0.5240201968490672,9
E01026708,King's Lynn and West Norfolk 005C,King's Lynn and West Norfolk,7.856,9,30.886627906976745,6.429780033840947,5.511240029006526,1.521555367709214,0,0.0,UF1,0,Affluent Urban,0.5239433058687686,3
E01011344,Leeds 065A,Leeds,76.495,1,5.582524271844661,64.35406698564593,50.38910505836576,7.596685082872928,3,1.4584346135148274,UN1,1,Deprived Young Diverse Car-Free Urban,0.5238485010534795,8
E01012089,Middlesbrough 007D,Middlesbrough,78.164,1,14.358322744599747,57.40181268882175,1.840101522842641,6.583629893238434,5,3.1725888324873095,UN1,3,Deprived Car-Free Urban,0.5236972321435426,5
E01026899,South Norfolk 010B,South Norfolk,17.468,5,24.783147459727388,5.4411764705882355,1.4276846679081356,2.1323529411764706,0,0.0,RSN1,2,Elderly Rural,0.5235227862506902,5
E01013203,North East Lincolnshire 005E,North East Lincolnshire,74.407,1,9.817945383615085,52.305475504322764,2.4787997390737115,6.602112676056338,2,1.3029315960912053,UN1,3,Deprived Car-Free Urban,0.5235052534289425,7
E01009358,Birmingham 047B,Birmingham,61.332,1,7.92520035618878,51.35135135135135,85.56792873051225,8.205128205128204,0,0.0,UN1,1,Deprived Young Diverse Car-Free Urban,0.5233681911677078,9
E01024736,Tonbridge and Malling 005D,Tonbridge and Malling,17.672,5,20.199225235196458,15.0,3.539823008849563,2.245614035087719,1,0.5537098560354374,UN1,0,Affluent Urban,0.5232098575245095,1
E01033605,Westminster 009K,Westminster,47.58,1,12.293577981651376,69.85714285714286,63.59193646915089,7.3992673992674,0,0.0,UN1,1,Deprived Young Diverse Car-Free Urban,0.5231659626623946,9
E01025219,Pendle 010F,Pendle,68.396,1,8.708065667380442,50.43936731107206,38.76967095851216,6.015037593984962,0,0.0,UN1,1,Deprived Young Diverse Car-Free Urban,0.5231639703906039,9
E01007769,Rotherham 017D,Rotherham,86.056,1,5.208333333333334,62.12624584717608,54.028985507246375,8.069883527454243,4,2.318840579710145,UN1,3,Deprived Car-Free Urban,0.5231319855155987,8
E01009493,Birmingham 113D,Birmingham,43.975,2,22.510593220338983,49.11937377690802,42.72823779193205,5.6714471968709255,0,0.0,UN1,3,Deprived Car-Free Urban,0.5230362841410476,8
E01032755,Southampton 033A,Southampton,71.099,1,4.728546409807356,57.873210633946826,57.30533683289589,7.282184655396619,1,0.8748906386701663,UN1,1,Deprived Young Diverse Car-Free Urban,0.5230312185111875,9
E01019312,Eden 004A,Westmorland and Furness,9.845,8,30.579531442663377,4.545454545454546,2.156500308071474,1.2239020878329734,0,0.0,RSF1,2,Elderly Rural,0.5230161946533112,5
E01008927,Birmingham 102D,Birmingham,65.18,1,15.46707503828484,40.13266998341625,26.206896551724135,9.334657398212512,0,0.0,UN1,3,Deprived Car-Free Urban,0.5229484466484632,8
E01006548,Liverpool 019D,Liverpool,58.101,1,15.397350993377485,56.57894736842105,31.860850358917723,6.726768377253814,2,1.1043622308117063,UN1,1,Deprived Young Diverse Car-Free Urban,0.5229359144703175,8
E01019321,Eden 001D,Westmorland and Furness,15.551,6,25.895663104965433,5.473372781065089,0.9392611145898511,0.9818731117824773,0,0.0,RSF1,2,Elderly Rural,0.5229173428048532,5
E01013948,Nottingham 026E,Nottingham,68.186,1,7.868383404864092,59.02366863905325,59.9713055954089,9.344978165938866,1,0.7158196134574087,UN1,1,Deprived Young Diverse Car-Free Urban,0.5228097941231724,8
E01012107,Redcar and Cleveland 003D,Redcar and Cleveland,52.442,1,20.28023598820059,40.30534351145038,1.9911504424778736,3.669724770642202,8,5.899705014749262,UN1,3,Deprived Car-Free Urban,0.5227277417309908,4
E01026910,South Norfolk 004B,South Norfolk,11.363,7,28.615574783683563,5.649717514124294,2.034525277435262,1.611721611721612,0,0.0,RLN1,2,Elderly Rural,0.522716184301295,5
E01010054,Sandwell 028A,Sandwell,54.547,1,17.477130476649013,55.5921052631579,68.60576923076923,5.813953488372093,0,0.0,UN1,1,Deprived Young Diverse Car-Free Urban,0.5227071574740176,9
E01034080,South Lakeland 011F,Westmorland and Furness,7.972,9,44.10235905637745,11.44,0.75939248601119,1.023587004895416,0,0.0,RLF1,2,Elderly Rural,0.5226740915692443,4
E01019086,Allerdale 006C,Cumberland,11.19,7,29.123468426013194,5.066079295154185,3.7771482530689293,0.5649717514124294,0,0.0,RSF1,2,Elderly Rural,0.5225933886973168,5
E01012877,Kingston upon Hull 003C,"Kingston upon Hull, City of",67.61,1,8.955223880597014,48.54545454545455,4.972032318210074,8.651162790697674,0,0.0,UN1,3,Deprived Car-Free Urban,0.5225568464923019,8
E01015842,Southend-on-Sea 014D,Southend-on-Sea,78.985,1,13.023952095808383,56.34095634095634,15.729218516674958,7.620941020543406,5,2.49003984063745,UN1,3,Deprived Car-Free Urban,0.5225062084313497,7
E01033437,Norwich 011H,Norwich,46.704,1,16.397849462365592,57.57575757575758,21.85608607935441,5.896607431340872,0,0.0,UN1,3,Deprived Car-Free Urban,0.5224737578067808,7
E01026112,East Lindsey 017D,East Lindsey,65.238,1,19.471153846153847,24.550898203592812,2.316293929712465,5.263157894736842,11,8.78594249201278,RLF1,3,Deprived Car-Free Urban,0.522466851534533,7
E01010464,Wolverhampton 020B,Wolverhampton,55.022,1,15.867158671586715,55.4054054054054,51.93846153846153,10.80680977054034,0,0.0,UN1,1,Deprived Young Diverse Car-Free Urban,0.5223483573323787,7
E01029696,Stafford 005B,Stafford,18.849,5,29.749103942652326,6.2015503875969,2.8694404591104727,1.6867469879518073,2,1.4347202295552368,RSN1,2,Elderly Rural,0.5222370711303294,5
E01019137,Allerdale 001G,Cumberland,35.275,2,30.426356589147286,34.69750889679715,1.8357487922705307,3.070175438596491,0,0.0,RLN1,3,Deprived Car-Free Urban,0.522210670275591,8
E01019143,Barrow-in-Furness 008C,Westmorland and Furness,66.427,1,19.17241379310345,52.58358662613982,4.135079255685737,4.888507718696398,0,0.0,UF1,3,Deprived Car-Free Urban,0.5222030952650998,7
E01006336,Wigan 027D,Wigan,70.759,1,14.924471299093655,43.73219373219373,10.19915509957755,5.12,4,2.4154589371980677,UN1,3,Deprived Car-Free Urban,0.5221937043062528,5
E01026940,South Norfolk 011F,South Norfolk,16.806,6,18.24678418294426,14.385964912280702,2.331113225499526,2.278177458033573,0,0.0,RLN1,0,Affluent Urban,0.5221706142475564,2
E01034993,Maidstone 011E,Maidstone,18.696,5,32.422123331214245,5.819295558958652,4.211869814932989,1.4684287812041115,3,1.9144862795149968,RSN1,2,Elderly Rural,0.5221678305791277,4
E01008485,North Tyneside 023D,North Tyneside,74.561,1,7.567567567567568,58.879999999999995,7.494935854152596,6.575073601570167,3,2.025658338960162,UN1,3,Deprived Car-Free Urban,0.5221303267627686,6
E01000522,Brent 025C,Brent,38.058,2,8.142369575816675,47.4964234620887,61.40693698094773,8.19672131147541,0,0.0,UN1,1,Deprived Young Diverse Car-Free Urban,0.5220036664992319,8
E01015627,Peterborough 018A,Peterborough,12.346,7,25.041829336307863,9.266409266409266,5.063995548135781,2.898550724637681,0,0.0,RSN1,2,Elderly Rural,0.5219850592059234,4
E01035188,Hartlepool 015C,Hartlepool,74.825,1,15.491507977354606,50.48128342245989,15.539494062983994,7.111111111111111,6,3.0911901081916535,UN1,3,Deprived Car-Free Urban,0.5219010242491542,6
E01012900,Kingston upon Hull 022C,"Kingston upon Hull, City of",57.721,1,18.09462915601023,51.2,4.734484964811259,5.2507836990595615,2,1.2820512820512822,UN1,3,Deprived Car-Free Urban,0.5218258745201594,7
E01000891,Camden 007C,Camden,45.468,1,11.970410221923336,72.1951219512195,47.87592717464598,7.224958949096879,1,0.6734006734006734,UN1,1,Deprived Young Diverse Car-Free Urban,0.5216555533050138,9
E01015932,Thurrock 006A,Thurrock,41.237,2,13.358369098712448,15.136876006441224,22.025723472668812,5.230557467309016,5,2.680965147453083,UN1,3,Deprived Car-Free Urban,0.521447367304711,6
E01026435,Breckland 013B,Breckland,19.84,5,21.98001816530427,6.0373216245883645,2.9945553539019953,3.1823085221143472,0,0.0,RSF1,2,Elderly Rural,0.5213375662589188,4
E01018022,East Cambridgeshire 002C,East Cambridgeshire,14.823,6,24.541607898448518,7.28476821192053,2.4717514124293793,1.5037593984962405,0,0.0,RSF1,2,Elderly Rural,0.5212877661010531,4
E01026609,Great Yarmouth 002B,Great Yarmouth,25.749,4,22.87853577371048,5.719921104536489,2.2481265611990042,3.042198233562316,0,0.0,RSN1,2,Elderly Rural,0.5211045421064741,4
E01028978,Shropshire 014E,Shropshire,20.095,5,22.25672877846791,5.3097345132743365,5.644743656136719,1.6981132075471699,0,0.0,RSN1,2,Elderly Rural,0.5210963487725804,4
E01005682,Salford 024D,Salford,81.219,1,15.12893982808023,64.12060301507537,38.2538770821367,7.649513212795549,7,4.02067777139575,UN1,3,Deprived Car-Free Urban,0.521079912688377,7
E01028862,Shropshire 010B,Shropshire,15.059,6,25.839499146272054,5.184174624829468,1.5349630471859,1.154891304347826,0,0.0,RSN1,2,Elderly Rural,0.5210522024578569,4
E01019277,Copeland 004H,Cumberland,46.042,1,21.02177554438861,33.39285714285714,1.4249790444258226,3.1762295081967213,0,0.0,RLF1,3,Deprived Car-Free Urban,0.5210314449733142,7
E01022054,Tendring 006C,Tendring,37.22,2,34.73818646232439,18.025751072961373,4.837683004455762,2.1402214022140225,11,7.0108349267049075,UF1,2,Elderly Rural,0.521023820686661,5
E01012019,Middlesbrough 011B,Middlesbrough,78.371,1,16.383701188455007,54.46428571428571,8.14249363867684,6.519337016574586,5,4.244482173174873,UN1,3,Deprived Car-Free Urban,0.5209281711581626,5
E01009638,Coventry 024C,Coventry,70.705,1,5.313496280552603,59.97357992073976,71.11817700052994,11.583276216586704,0,0.0,UN1,1,Deprived Young Diverse Car-Free Urban,0.5208551342464867,9
E01006558,Liverpool 018B,Liverpool,78.253,1,11.692307692307692,62.80587275693311,15.325670498084287,6.815968841285297,3,2.3006134969325154,UN1,3,Deprived Car-Free Urban,0.5207972137468219,6
E01001725,Hackney 004A,Hackney,46.434,1,9.214830970556163,57.67195767195767,37.5,5.688375927452597,0,0.0,UN1,1,Deprived Young Diverse Car-Free Urban,0.5206973356497583,9
E01021501,Castle Point 011D,Castle Point,22.588,4,30.63583815028902,16.506410256410255,4.76534296028881,2.7317880794701987,4,2.890173410404624,UN1,0,Affluent Urban,0.520653115211402,1
E01027951,Ashfield 007B,Ashfield,62.116,1,14.18918918918919,36.474164133738604,5.37037037037037,5.583756345177665,7,4.310344827586206,UN1,3,Deprived Car-Free Urban,0.5205452715847907,5
E01009239,Birmingham 033F,Birmingham,66.029,1,12.653061224489795,38.77917414721723,66.9606512890095,6.6500415627597675,0,0.0,UN1,3,Deprived Car-Free Urban,0.520466159426181,8
E01015636,Peterborough 001C,Peterborough,9.763,8,28.802880288028803,5.845511482254697,3.7803780378037777,2.3883696780893042,0,0.0,RSN1,2,Elderly Rural,0.5203245431061442,5
E01012131,Redcar and Cleveland 005E,Redcar and Cleveland,66.901,1,25.34495279593319,46.58385093167702,1.6751638747268704,5.545112781954887,4,2.9090909090909087,UN1,3,Deprived Car-Free Urban,0.5203209864307102,6
E01022001,Tendring 001D,Tendring,54.148,1,20.516795865633075,38.15513626834382,5.730511099638614,4.80708412397217,8,4.132231404958678,UN1,3,Deprived Car-Free Urban,0.5202878296966568,7
E01019352,South Lakeland 010B,Westmorland and Furness,12.257,7,27.086183310533517,5.800214822771213,1.049270072992703,1.2432432432432432,0,0.0,RSF1,2,Elderly Rural,0.5202818131818879,5
E01019351,South Lakeland 008D,Westmorland and Furness,15.413,6,25.400457665903893,5.038759689922481,0.7432818753573489,0.9204470742932281,0,0.0,RSF1,2,Elderly Rural,0.5201381498269477,5
E01000955,Camden 022D,Camden,39.97,2,12.565055762081784,72.38805970149254,58.779761904761905,6.1299176578225065,0,0.0,UN1,1,Deprived Young Diverse Car-Free Urban,0.5201267102445615,9
E01012038,Middlesbrough 003C,Middlesbrough,73.144,1,9.510869565217392,56.31229235880399,38.424983027834344,8.0,1,0.6793478260869565,UN1,1,Deprived Young Diverse Car-Free Urban,0.5200604829045189,8
E01012037,Middlesbrough 003B,Middlesbrough,79.457,1,7.57372654155496,62.09553158705701,38.219544846050866,9.245960502692999,4,2.6791694574681846,UN1,1,Deprived Young Diverse Car-Free Urban,0.5200263473518297,7
E01014040,Herefordshire 019F,"Herefordshire, County of",12.941,7,34.516129032258064,20.264900662251655,1.6731016731016735,2.1706586826347305,6,3.8634900193174504,RLF1,0,Affluent Urban,0.52000886996768,2
E01019130,Allerdale 002C,Cumberland,12.418,7,26.56514382402707,6.192358366271409,1.1811023622047223,2.2044088176352705,0,0.0,RSN1,2,Elderly Rural,0.5199102527916573,4
E01018153,Huntingdonshire 015D,Huntingdonshire,10.713,8,26.160092807424597,8.289473684210526,4.5823665893271475,1.9634394041976981,0,0.0,RLN1,2,Elderly Rural,0.5197420161316553,5
E01033185,Richmondshire 006F,North Yorkshire,9.865,8,34.60410557184751,16.7621776504298,0.9509875640087762,1.3888888888888888,4,2.926115581565472,RLF1,0,Affluent Urban,0.51967832564135,2
